iter,mean_eval,median_eval,pop_best_eval,best_eval,worst_eval
1,1665.0758056640625,0.0,0.0,0.0,7978.0556640625
2,1993.363525390625,0.0,-6.480506896972656,-6.480506896972656,7978.0556640625
3,2784.864990234375,0.0,-7.826238632202148,-7.826238632202148,7978.0556640625
4,1616.0987548828125,0.0,-0.3608148694038391,-7.826238632202148,7978.0556640625
5,478.5331115722656,0.0,0.0,-7.826238632202148,7978.0556640625
6,793.8855590820312,0.0,-5.890908718109131,-7.826238632202148,7978.0556640625
7,1286.7318115234375,0.0,0.0,-7.826238632202148,7978.0556640625
8,0.0,0.0,0.0,-7.826238632202148,7978.0556640625
9,0.0,0.0,0.0,-7.826238632202148,7978.0556640625
10,0.6969791650772095,0.0,0.0,-7.826238632202148,7978.0556640625
11,0.0,0.0,0.0,-7.826238632202148,7978.0556640625
12,793.8521118164062,0.0,0.0,-7.826238632202148,7978.0556640625
13,1194.916748046875,0.0,-7.57100248336792,-7.826238632202148,7978.0556640625
14,1400.270263671875,0.0,-1.8491322994232178,-7.826238632202148,7978.0556640625
15,939.5501098632812,0.0,-0.09044700115919113,-7.826238632202148,7978.0556640625
16,822.6038208007812,0.0,0.0,-7.826238632202148,7978.0556640625
17,1280.976806640625,0.0,0.0,-7.826238632202148,7978.0556640625
18,395.890625,0.0,-2.9182586669921875,-7.826238632202148,7978.0556640625
19,917.0525512695312,0.0,0.0,-7.826238632202148,7978.0556640625
20,134.53668212890625,0.0,-0.9810032248497009,-7.826238632202148,7978.0556640625
21,1017.6842041015625,0.0,-10.4173002243042,-10.4173002243042,7978.0556640625
22,1157.1756591796875,0.0,-6.5269622802734375,-10.4173002243042,7978.0556640625
23,2002.9453125,0.0,-7.281195640563965,-10.4173002243042,7978.0556640625
24,1745.041259765625,0.0,-6.884071350097656,-10.4173002243042,7978.0556640625
25,1660.9212646484375,0.0,-9.090924263000488,-10.4173002243042,7991.34326171875
26,2058.470703125,0.0,-7.448688507080078,-10.4173002243042,7991.34326171875
27,1795.5980224609375,0.0,-3.892359972000122,-10.4173002243042,7991.34326171875
28,3410.133544921875,2.9448797702789307,-5.7474870681762695,-10.4173002243042,7991.34326171875
29,1664.128662109375,0.0,-10.726544380187988,-10.726544380187988,7991.34326171875
30,1302.904296875,0.0,-10.73318862915039,-10.73318862915039,7991.34326171875
31,2917.21826171875,44.71465301513672,-14.10973072052002,-14.10973072052002,7991.34326171875
32,3755.40234375,1993.13427734375,-12.80583381652832,-14.10973072052002,7991.34326171875
33,4550.53662109375,7918.29248046875,-6.846480369567871,-14.10973072052002,7991.34326171875
34,3166.078369140625,83.39842987060547,-6.64127254486084,-14.10973072052002,7991.34326171875
35,1091.141357421875,0.0,-12.804472923278809,-14.10973072052002,7991.34326171875
36,1155.78564453125,0.0,-15.750391006469727,-15.750391006469727,7991.34326171875
37,2225.97705078125,1.0610020160675049,-24.124149322509766,-24.124149322509766,7991.34326171875
38,1611.7105712890625,0.0,-15.726454734802246,-24.124149322509766,7991.34326171875
39,2580.782470703125,5.51590633392334,-2.2912051677703857,-24.124149322509766,7991.34326171875
40,962.544921875,22.269399642944336,-17.203083038330078,-24.124149322509766,7991.34326171875
41,933.9744262695312,0.0,-34.61687088012695,-34.61687088012695,7991.34326171875
42,561.7569580078125,0.0,-10.075651168823242,-34.61687088012695,7991.34326171875
43,799.270751953125,0.0,-19.58877944946289,-34.61687088012695,7991.34326171875
44,1921.574462890625,69.17943572998047,-13.743032455444336,-34.61687088012695,7991.34326171875
45,1909.918701171875,0.0,-7.452195644378662,-34.61687088012695,7991.34326171875
46,1416.2767333984375,0.0,-13.163690567016602,-34.61687088012695,7991.34326171875
47,147.3596954345703,0.0,-9.866081237792969,-34.61687088012695,7991.34326171875
48,3226.141357421875,498.6777648925781,-10.8988037109375,-34.61687088012695,7991.34326171875
49,2930.662109375,1.2569246292114258,-11.064886093139648,-34.61687088012695,7991.34326171875
50,1499.1954345703125,0.0,-8.676066398620605,-34.61687088012695,7991.34326171875
51,2430.24853515625,0.0,-46.96701431274414,-46.96701431274414,7991.34326171875
52,1968.838623046875,86.81727600097656,-24.933048248291016,-46.96701431274414,7991.34326171875
53,965.9065551757812,0.0,-69.61225891113281,-69.61225891113281,7991.34326171875
54,2141.60791015625,65.51165771484375,-69.89076232910156,-69.89076232910156,7991.34326171875
55,582.5155029296875,0.0,-32.7153434753418,-69.89076232910156,7991.34326171875
56,3017.55126953125,783.9257202148438,-23.97585678100586,-69.89076232910156,7991.34326171875
57,1237.315673828125,0.0,-42.67522430419922,-69.89076232910156,7991.34326171875
58,1634.49755859375,0.0,-56.057342529296875,-69.89076232910156,7991.34326171875
59,727.06494140625,-9.387809753417969,-54.9041862487793,-69.89076232910156,7991.34326171875
60,525.0305786132812,-11.639930725097656,-75.1839828491211,-75.1839828491211,7991.34326171875
61,587.3733520507812,-4.393433570861816,-49.00071334838867,-75.1839828491211,7991.34326171875
62,1584.2318115234375,8.79813289642334,-90.25685119628906,-90.25685119628906,7991.34326171875
63,1340.462158203125,-13.900959014892578,-62.9260139465332,-90.25685119628906,7991.34326171875
64,937.79638671875,-2.332324743270874,-84.31148529052734,-90.25685119628906,7991.34326171875
65,3059.24169921875,543.639404296875,-94.49275207519531,-94.49275207519531,7991.34326171875
66,2281.469482421875,133.3360595703125,-82.02244567871094,-94.49275207519531,7991.34326171875
67,2281.589111328125,192.09329223632812,-99.72540283203125,-99.72540283203125,7991.34326171875
68,1709.59375,29.01225471496582,-118.9420166015625,-118.9420166015625,7991.34326171875
69,2115.93896484375,321.0228271484375,-102.07093048095703,-118.9420166015625,7991.34326171875
70,872.3736572265625,-19.056421279907227,-141.67550659179688,-141.67550659179688,7991.34326171875
71,3172.900634765625,374.0885009765625,-64.49028778076172,-141.67550659179688,7991.34326171875
72,1486.8419189453125,-56.32615280151367,-178.32032775878906,-178.32032775878906,7991.34326171875
73,2014.4349365234375,11.29007339477539,-96.61607360839844,-178.32032775878906,7991.34326171875
74,2933.73974609375,549.2333984375,-114.589599609375,-178.32032775878906,7991.34326171875
75,1478.6365966796875,0.0,-66.02031707763672,-178.32032775878906,7991.34326171875
76,1802.057861328125,261.80609130859375,-94.11773681640625,-178.32032775878906,7991.34326171875
77,1166.179931640625,-6.752037048339844,-151.8245849609375,-178.32032775878906,7991.34326171875
78,1857.28125,158.4491424560547,-97.48074340820312,-178.32032775878906,7991.34326171875
79,2376.095458984375,671.1947021484375,-94.15093994140625,-178.32032775878906,7991.34326171875
80,986.5703125,-14.954133987426758,-118.09534454345703,-178.32032775878906,7991.34326171875
81,1995.731689453125,45.9096565246582,-104.9996337890625,-178.32032775878906,7991.34326171875
82,4308.41259765625,3871.35302734375,-38.418861389160156,-178.32032775878906,7991.34326171875
83,1504.6510009765625,18.61818504333496,-128.17446899414062,-178.32032775878906,7991.34326171875
84,2724.455322265625,253.18719482421875,-71.9786148071289,-178.32032775878906,7991.34326171875
85,895.9976806640625,164.73780822753906,-95.22869873046875,-178.32032775878906,7991.34326171875
86,979.6544189453125,-8.61711597442627,-88.13735961914062,-178.32032775878906,7991.34326171875
87,1109.898681640625,29.811206817626953,-142.81288146972656,-178.32032775878906,7991.34326171875
88,2034.987060546875,-5.740536689758301,-129.8041534423828,-178.32032775878906,7991.34326171875
89,1549.439697265625,137.267578125,-164.05889892578125,-178.32032775878906,7991.34326171875
90,3068.80712890625,1316.468017578125,-150.47825622558594,-178.32032775878906,7991.34326171875
91,2976.17333984375,126.82209014892578,-126.0670394897461,-178.32032775878906,7991.34326171875
92,2430.85595703125,61.57185363769531,-173.4087371826172,-178.32032775878906,7991.34326171875
93,1485.4896240234375,125.72244262695312,-137.01014709472656,-178.32032775878906,7991.34326171875
94,723.170166015625,84.95931243896484,-136.46530151367188,-178.32032775878906,7991.34326171875
95,1989.1025390625,164.5791473388672,-142.01199340820312,-178.32032775878906,7991.34326171875
96,1637.561767578125,69.12103271484375,-109.13357543945312,-178.32032775878906,7991.34326171875
97,1220.5382080078125,-16.064956665039062,-136.49037170410156,-178.32032775878906,7991.34326171875
98,2371.54833984375,1650.01806640625,-139.38046264648438,-178.32032775878906,7991.34326171875
99,721.2410278320312,-60.54423904418945,-146.07928466796875,-178.32032775878906,7991.34326171875
100,1281.6209716796875,36.80312728881836,-155.84603881835938,-178.32032775878906,7991.34326171875
101,2363.31591796875,330.26885986328125,-160.70166015625,-178.32032775878906,7991.34326171875
102,999.7467041015625,-95.8160400390625,-163.6400909423828,-178.32032775878906,7991.34326171875
103,2020.453369140625,100.78673553466797,-180.25389099121094,-180.25389099121094,7991.34326171875
104,1276.65771484375,-26.191524505615234,-154.069580078125,-180.25389099121094,7991.34326171875
105,1523.0272216796875,304.23382568359375,-170.3866424560547,-180.25389099121094,7991.34326171875
106,2029.658447265625,69.38666534423828,-162.79837036132812,-180.25389099121094,7991.34326171875
107,1186.561767578125,-49.05995178222656,-140.87298583984375,-180.25389099121094,7991.34326171875
108,1671.1304931640625,-105.55133056640625,-168.827392578125,-180.25389099121094,7991.34326171875
109,1881.271240234375,130.3593292236328,-159.75306701660156,-180.25389099121094,7991.34326171875
110,2868.87890625,1168.414794921875,-151.01565551757812,-180.25389099121094,7991.34326171875
111,1514.4461669921875,250.7942657470703,-170.4639434814453,-180.25389099121094,7991.34326171875
112,933.7310791015625,-22.64935874938965,-119.60075378417969,-180.25389099121094,7991.34326171875
113,2210.31689453125,364.3724670410156,-143.6038360595703,-180.25389099121094,7991.34326171875
114,1409.752685546875,184.02154541015625,-162.34005737304688,-180.25389099121094,7991.34326171875
115,2137.30859375,-14.372970581054688,-148.177978515625,-180.25389099121094,7991.34326171875
116,1429.166015625,-121.54679107666016,-180.62998962402344,-180.62998962402344,7991.34326171875
117,741.6248779296875,-116.7003173828125,-172.1656951904297,-180.62998962402344,7991.34326171875
118,1673.921875,-105.03605651855469,-174.97000122070312,-180.62998962402344,7991.34326171875
119,1124.9710693359375,-15.952159881591797,-169.76119995117188,-180.62998962402344,7991.34326171875
120,1172.663330078125,-113.60929107666016,-166.46469116210938,-180.62998962402344,7991.34326171875
121,1458.5386962890625,210.3944549560547,-154.0298309326172,-180.62998962402344,7991.34326171875
122,1868.7659912109375,263.4976806640625,-168.28538513183594,-180.62998962402344,7991.34326171875
123,3590.29736328125,242.4525146484375,-197.63002014160156,-197.63002014160156,7991.34326171875
124,1510.9439697265625,11.349353790283203,-144.1644744873047,-197.63002014160156,7991.34326171875
125,2080.590576171875,238.0675048828125,-153.66110229492188,-197.63002014160156,7991.34326171875
126,2104.9541015625,413.8301696777344,-157.4501953125,-197.63002014160156,7991.34326171875
127,2050.486328125,429.2779235839844,-171.32260131835938,-197.63002014160156,7991.34326171875
128,978.6695556640625,-75.19038391113281,-183.94366455078125,-197.63002014160156,7991.34326171875
129,1973.5072021484375,102.24078369140625,-145.95947265625,-197.63002014160156,7991.34326171875
130,1009.6716918945312,64.42643737792969,-160.20989990234375,-197.63002014160156,7991.34326171875
131,909.1585083007812,-67.79756164550781,-159.8822479248047,-197.63002014160156,7991.34326171875
132,1497.4014892578125,48.285011291503906,-162.13560485839844,-197.63002014160156,7991.34326171875
133,1563.162353515625,-52.14258575439453,-165.27500915527344,-197.63002014160156,7991.34326171875
134,2477.76708984375,279.1978759765625,-144.40460205078125,-197.63002014160156,7991.34326171875
135,1083.251953125,-89.05030059814453,-137.33164978027344,-197.63002014160156,7991.34326171875
136,3073.446044921875,920.212158203125,-155.2455291748047,-197.63002014160156,7991.34326171875
137,2639.41845703125,520.7725219726562,-161.69039916992188,-197.63002014160156,7991.34326171875
138,2080.512939453125,30.937339782714844,-164.2250213623047,-197.63002014160156,7991.34326171875
139,1351.9078369140625,-93.9188232421875,-159.9261932373047,-197.63002014160156,7991.34326171875
140,4071.078125,2397.0009765625,-167.16929626464844,-197.63002014160156,7991.34326171875
141,3795.434326171875,2752.107421875,-159.05589294433594,-197.63002014160156,7991.34326171875
142,2179.264404296875,-15.269862174987793,-144.0494384765625,-197.63002014160156,7991.34326171875
143,2393.27294921875,146.84820556640625,-173.25733947753906,-197.63002014160156,7991.34326171875
144,1442.875244140625,-25.7625732421875,-134.5535430908203,-197.63002014160156,7991.34326171875
145,1929.2701416015625,-81.60816955566406,-183.58206176757812,-197.63002014160156,7991.34326171875
146,1952.103515625,249.90261840820312,-164.00466918945312,-197.63002014160156,7991.34326171875
147,774.9341430664062,-94.88987731933594,-156.83055114746094,-197.63002014160156,7991.34326171875
148,2858.972900390625,857.2400512695312,-155.23385620117188,-197.63002014160156,7991.34326171875
149,1570.936767578125,-103.03656005859375,-160.67324829101562,-197.63002014160156,7991.34326171875
150,2610.740234375,791.3593139648438,-164.79345703125,-197.63002014160156,7991.34326171875
151,2615.18408203125,11.851995468139648,-192.2198486328125,-197.63002014160156,7991.34326171875
152,2953.682373046875,471.5435791015625,-173.97750854492188,-197.63002014160156,7991.34326171875
153,2412.50927734375,68.66932678222656,-176.80531311035156,-197.63002014160156,7991.34326171875
154,6326.34765625,7932.28857421875,-145.55274963378906,-197.63002014160156,7991.34326171875
155,3922.3359375,2410.412841796875,-131.77581787109375,-197.63002014160156,7991.34326171875
156,2801.60498046875,738.4612426757812,-180.45193481445312,-197.63002014160156,7991.34326171875
157,3202.36669921875,880.8502807617188,-185.23580932617188,-197.63002014160156,7991.34326171875
158,4184.03662109375,2514.0439453125,-130.76007080078125,-197.63002014160156,7991.34326171875
159,2460.62744140625,361.9768981933594,-174.16900634765625,-197.63002014160156,7991.34326171875
160,895.0945434570312,12.478570938110352,-148.80099487304688,-197.63002014160156,7991.34326171875
161,1253.7835693359375,139.3296356201172,-167.7550048828125,-197.63002014160156,7991.34326171875
162,2239.158203125,141.4525909423828,-142.09030151367188,-197.63002014160156,7991.34326171875
163,1978.6829833984375,89.27372741699219,-156.27772521972656,-197.63002014160156,7991.34326171875
164,2087.845703125,1245.0462646484375,-145.78750610351562,-197.63002014160156,7991.34326171875
165,2436.8896484375,202.76475524902344,-141.9193878173828,-197.63002014160156,7991.34326171875
166,1688.1693115234375,354.1343994140625,-157.41676330566406,-197.63002014160156,7991.34326171875
167,1960.155517578125,1205.794677734375,-159.97341918945312,-197.63002014160156,7991.34326171875
168,2676.748779296875,811.0617065429688,-179.0837860107422,-197.63002014160156,7991.34326171875
169,1280.982177734375,-110.8637466430664,-164.6468048095703,-197.63002014160156,7991.34326171875
170,1603.7572021484375,350.67266845703125,-170.89486694335938,-197.63002014160156,7991.34326171875
171,1692.0111083984375,170.41067504882812,-147.96009826660156,-197.63002014160156,7991.34326171875
172,2177.332763671875,163.02914428710938,-177.23492431640625,-197.63002014160156,7991.34326171875
173,3589.91259765625,2877.68359375,-156.35336303710938,-197.63002014160156,7991.34326171875
174,4182.931640625,4596.748046875,-130.696533203125,-197.63002014160156,7991.34326171875
175,5642.37646484375,7250.8017578125,-33.84976577758789,-197.63002014160156,7991.34326171875
176,4044.154296875,3965.686279296875,-136.7455291748047,-197.63002014160156,7991.34326171875
177,2315.37548828125,576.6528930664062,-115.837890625,-197.63002014160156,7991.34326171875
178,5093.04833984375,6950.7880859375,-137.79989624023438,-197.63002014160156,7991.34326171875
179,5253.1064453125,5605.6494140625,-137.375244140625,-197.63002014160156,7991.34326171875
180,1939.120361328125,730.5404052734375,-149.81320190429688,-197.63002014160156,7991.34326171875
181,3817.750732421875,3566.7890625,-130.55213928222656,-197.63002014160156,7991.34326171875
182,1347.746826171875,28.183109283447266,-172.8187255859375,-197.63002014160156,7991.34326171875
183,2774.780029296875,928.8951416015625,-169.44903564453125,-197.63002014160156,7991.34326171875
184,1982.502685546875,643.8384399414062,-158.107177734375,-197.63002014160156,7991.34326171875
185,2245.96923828125,814.1561889648438,-184.99911499023438,-197.63002014160156,7991.34326171875
186,1533.213134765625,-36.31991195678711,-151.0049285888672,-197.63002014160156,7991.34326171875
187,2863.42041015625,1016.5308837890625,-148.98583984375,-197.63002014160156,7991.34326171875
188,2560.9296875,871.5478515625,-91.71328735351562,-197.63002014160156,7991.34326171875
189,2206.503173828125,966.7667846679688,-160.85128784179688,-197.63002014160156,7991.34326171875
190,3502.19677734375,834.1585693359375,-128.93032836914062,-197.63002014160156,7991.34326171875
191,717.5050048828125,-2.0613155364990234,-157.70521545410156,-197.63002014160156,7991.34326171875
192,2036.7806396484375,275.7997131347656,-155.58152770996094,-197.63002014160156,7991.34326171875
193,2399.091552734375,252.4244384765625,-160.66818237304688,-197.63002014160156,7991.34326171875
194,745.1177978515625,-53.01289749145508,-152.9281005859375,-197.63002014160156,7991.34326171875
195,1735.004638671875,-55.19878387451172,-171.91061401367188,-197.63002014160156,7991.34326171875
196,964.5079956054688,3.523733139038086,-166.99754333496094,-197.63002014160156,7991.34326171875
197,1136.773193359375,56.27166748046875,-179.6168212890625,-197.63002014160156,7991.34326171875
198,1409.149658203125,66.31922912597656,-162.8791961669922,-197.63002014160156,7991.34326171875
199,957.6144409179688,-67.51348114013672,-145.77923583984375,-197.63002014160156,7991.34326171875
200,724.2897338867188,-56.247440338134766,-165.96766662597656,-197.63002014160156,7991.34326171875
201,1782.5146484375,-4.411190032958984,-151.98236083984375,-197.63002014160156,7991.34326171875
202,2319.01904296875,75.23092651367188,-184.98626708984375,-197.63002014160156,7991.34326171875
203,1555.570068359375,-32.12352752685547,-162.1834259033203,-197.63002014160156,7991.34326171875
204,2863.289306640625,470.5741882324219,-165.50869750976562,-197.63002014160156,7991.34326171875
205,1055.18896484375,-33.40061950683594,-160.04446411132812,-197.63002014160156,7991.34326171875
206,1065.8861083984375,1.6816058158874512,-176.02749633789062,-197.63002014160156,7991.34326171875
207,1772.012939453125,-14.956048965454102,-179.5396728515625,-197.63002014160156,7991.34326171875
208,1927.009033203125,381.082763671875,-178.98263549804688,-197.63002014160156,7991.34326171875
209,2343.139892578125,246.20706176757812,-174.9810333251953,-197.63002014160156,7991.34326171875
210,1963.570068359375,271.309814453125,-167.3211669921875,-197.63002014160156,7991.34326171875
211,2033.6744384765625,430.54736328125,-173.86915588378906,-197.63002014160156,7991.34326171875
212,1069.6644287109375,50.12131881713867,-148.39627075195312,-197.63002014160156,7991.34326171875
213,2096.58251953125,253.47496032714844,-148.32611083984375,-197.63002014160156,7991.34326171875
214,3279.35498046875,217.005126953125,-168.82432556152344,-197.63002014160156,7991.34326171875
215,563.5377807617188,-108.83621978759766,-159.44595336914062,-197.63002014160156,7991.34326171875
216,1375.2991943359375,-67.17989349365234,-174.93801879882812,-197.63002014160156,7991.34326171875
217,2090.496826171875,710.2127685546875,-161.8753662109375,-197.63002014160156,7991.34326171875
218,2487.81591796875,-66.93232727050781,-173.39837646484375,-197.63002014160156,7991.34326171875
219,1540.0093994140625,-104.06086730957031,-173.347900390625,-197.63002014160156,7991.34326171875
220,2516.101318359375,330.1299743652344,-162.92372131347656,-197.63002014160156,7991.34326171875
221,1198.55224609375,-43.941131591796875,-189.6192626953125,-197.63002014160156,7991.34326171875
222,1797.368408203125,-66.9920425415039,-145.52200317382812,-197.63002014160156,7991.34326171875
223,885.564453125,-72.80183410644531,-164.4967498779297,-197.63002014160156,7991.34326171875
224,3090.195068359375,898.0770263671875,-167.95143127441406,-197.63002014160156,7991.34326171875
225,2260.716064453125,-0.6437077522277832,-158.9136962890625,-197.63002014160156,7991.34326171875
226,2456.386962890625,-121.66339111328125,-188.75103759765625,-197.63002014160156,7991.34326171875
227,1353.512939453125,-119.74304962158203,-183.8801727294922,-197.63002014160156,7991.34326171875
228,1944.335693359375,-109.61038970947266,-193.67929077148438,-197.63002014160156,7991.34326171875
229,1230.7764892578125,-54.66411209106445,-161.78189086914062,-197.63002014160156,7991.34326171875
230,1743.0579833984375,-75.48090362548828,-173.59466552734375,-197.63002014160156,7991.34326171875
231,1098.5557861328125,-137.1385040283203,-174.33755493164062,-197.63002014160156,7991.34326171875
232,1200.144775390625,-138.89410400390625,-173.67047119140625,-197.63002014160156,7991.34326171875
233,911.3839111328125,-116.05535888671875,-170.07632446289062,-197.63002014160156,7991.34326171875
234,2487.241455078125,-120.60001373291016,-174.60281372070312,-197.63002014160156,7991.34326171875
235,1378.0247802734375,-131.8877716064453,-183.20938110351562,-197.63002014160156,7991.34326171875
236,1464.8209228515625,-120.26238250732422,-174.60353088378906,-197.63002014160156,7991.34326171875
237,-88.34358215332031,-129.74449157714844,-203.09107971191406,-203.09107971191406,7991.34326171875
238,322.9944763183594,-131.39407348632812,-176.45755004882812,-203.09107971191406,7991.34326171875
239,658.04052734375,-135.55018615722656,-165.12704467773438,-203.09107971191406,7991.34326171875
240,617.4385986328125,-126.45323944091797,-161.63963317871094,-203.09107971191406,7991.34326171875
241,1795.4970703125,-102.23683166503906,-162.35658264160156,-203.09107971191406,7991.34326171875
242,851.5677490234375,-125.58636474609375,-149.88986206054688,-203.09107971191406,7992.35498046875
243,430.69146728515625,-125.65779113769531,-164.7992706298828,-203.09107971191406,7992.35498046875
244,1121.2703857421875,-107.10425567626953,-175.8819580078125,-203.09107971191406,7992.35498046875
245,711.4256591796875,-132.2646484375,-174.4251708984375,-203.09107971191406,7992.35498046875
246,1805.994140625,2.988941192626953,-154.25538635253906,-203.09107971191406,7992.35498046875
247,876.5755004882812,-116.94082641601562,-186.72000122070312,-203.09107971191406,7992.35498046875
248,844.2669067382812,-107.14842224121094,-179.92735290527344,-203.09107971191406,7992.35498046875
249,291.93255615234375,-110.89073181152344,-166.11544799804688,-203.09107971191406,7992.35498046875
250,354.78125,-96.79347229003906,-157.79344177246094,-203.09107971191406,7992.35498046875
251,99.36378479003906,-132.11029052734375,-180.7235107421875,-203.09107971191406,7992.35498046875
252,1625.443115234375,235.13076782226562,-165.263671875,-203.09107971191406,7992.35498046875
253,646.6419067382812,-82.47122955322266,-173.7772674560547,-203.09107971191406,7992.35498046875
254,21.255035400390625,-105.140625,-156.9830780029297,-203.09107971191406,7992.35498046875
255,188.66610717773438,-46.7954216003418,-179.73593139648438,-203.09107971191406,7992.35498046875
256,45.71869659423828,-101.13086700439453,-165.22695922851562,-203.09107971191406,7992.35498046875
257,495.2379455566406,-102.54742431640625,-166.4813995361328,-203.09107971191406,7992.35498046875
258,-124.83160400390625,-131.56103515625,-162.82339477539062,-203.09107971191406,7992.35498046875
259,1543.690185546875,-113.35562133789062,-160.91983032226562,-203.09107971191406,7992.35498046875
260,680.4207153320312,-98.0858154296875,-170.32518005371094,-203.09107971191406,7992.35498046875
261,997.5604248046875,35.43978500366211,-169.96080017089844,-203.09107971191406,7992.35498046875
262,562.6614990234375,-64.52053833007812,-166.75445556640625,-203.09107971191406,7992.35498046875
263,563.85791015625,-81.47159576416016,-180.793212890625,-203.09107971191406,7992.35498046875
264,1293.308837890625,-77.00509643554688,-158.85421752929688,-203.09107971191406,7992.35498046875
265,1148.0234375,-66.31318664550781,-162.15577697753906,-203.09107971191406,7992.35498046875
266,203.10140991210938,-117.18666076660156,-166.79592895507812,-203.09107971191406,7992.35498046875
267,481.97320556640625,-104.20878601074219,-167.00132751464844,-203.09107971191406,7992.35498046875
268,199.96224975585938,-114.72218322753906,-157.9091796875,-203.09107971191406,7992.35498046875
269,242.5435791015625,-85.2697525024414,-182.67898559570312,-203.09107971191406,7992.35498046875
270,889.1803588867188,-105.36477661132812,-159.462158203125,-203.09107971191406,7992.35498046875
271,1918.880859375,2.0603036880493164,-168.3148651123047,-203.09107971191406,7992.35498046875
272,646.5091552734375,-96.13677978515625,-164.2790985107422,-203.09107971191406,7992.35498046875
273,1064.867919921875,96.2800521850586,-147.7789764404297,-203.09107971191406,7992.35498046875
274,214.17782592773438,-104.0116958618164,-184.5225067138672,-203.09107971191406,7992.35498046875
275,1221.16748046875,106.71186065673828,-161.61343383789062,-203.09107971191406,7992.35498046875
276,451.3681640625,-32.879302978515625,-163.37522888183594,-203.09107971191406,7992.35498046875
277,711.7709350585938,-76.8337173461914,-182.71588134765625,-203.09107971191406,7992.35498046875
278,637.0787353515625,-116.56092071533203,-146.1536407470703,-203.09107971191406,7992.35498046875
279,265.0863037109375,-86.70585632324219,-173.77890014648438,-203.09107971191406,7992.35498046875
280,746.830322265625,-119.69580078125,-161.00584411621094,-203.09107971191406,7992.35498046875
281,837.9142456054688,-131.8954620361328,-160.8599090576172,-203.09107971191406,7992.35498046875
282,485.4349060058594,-115.11941528320312,-175.9847412109375,-203.09107971191406,7992.35498046875
283,46.854068756103516,-129.9740753173828,-163.25885009765625,-203.09107971191406,7992.35498046875
284,333.509521484375,-137.61920166015625,-168.79371643066406,-203.09107971191406,7992.35498046875
285,1132.92724609375,-112.15145111083984,-161.69512939453125,-203.09107971191406,7992.35498046875
286,795.61474609375,-102.20291137695312,-165.29881286621094,-203.09107971191406,7992.35498046875
287,1401.6463623046875,-121.2257080078125,-168.66920471191406,-203.09107971191406,7992.35498046875
288,481.0775451660156,-111.56341552734375,-172.4001007080078,-203.09107971191406,7992.35498046875
289,867.0218505859375,-112.83125305175781,-153.5450439453125,-203.09107971191406,7992.35498046875
290,557.4305419921875,-132.6859588623047,-157.55075073242188,-203.09107971191406,7992.35498046875
291,1265.0753173828125,-118.91156005859375,-174.07589721679688,-203.09107971191406,7992.35498046875
292,3098.73095703125,1877.6448974609375,-169.51255798339844,-203.09107971191406,7992.35498046875
293,1672.3131103515625,-104.36167907714844,-158.6726531982422,-203.09107971191406,7992.35498046875
294,807.2822265625,-115.8858871459961,-166.29681396484375,-203.09107971191406,7992.35498046875
295,2642.072265625,48.0495719909668,-153.0632781982422,-203.09107971191406,7992.35498046875
296,514.6909790039062,-124.75740051269531,-163.72254943847656,-203.09107971191406,7992.35498046875
297,1703.2174072265625,-70.48887634277344,-156.60076904296875,-203.09107971191406,7992.35498046875
298,620.6564331054688,-127.9983139038086,-176.8925323486328,-203.09107971191406,7992.35498046875
299,917.0709838867188,-114.0892105102539,-141.92869567871094,-203.09107971191406,7992.35498046875
300,1149.5078125,-107.88322448730469,-178.35372924804688,-203.09107971191406,7992.35498046875
301,1562.251708984375,-128.92440795898438,-167.72201538085938,-203.09107971191406,7992.35498046875
302,-40.29004669189453,-112.14378356933594,-164.06890869140625,-203.09107971191406,7992.35498046875
303,1597.5069580078125,-117.73834991455078,-160.45339965820312,-203.09107971191406,7992.35498046875
304,865.5291137695312,-119.18233489990234,-156.46652221679688,-203.09107971191406,7992.35498046875
305,2189.19775390625,18.860538482666016,-158.14002990722656,-203.09107971191406,7992.35498046875
306,996.2077026367188,-124.05103302001953,-162.60704040527344,-203.09107971191406,7992.35498046875
307,1441.4366455078125,-79.4449462890625,-129.1878204345703,-203.09107971191406,7992.35498046875
308,480.19317626953125,-112.92240905761719,-163.43319702148438,-203.09107971191406,7992.35498046875
309,701.1298217773438,-127.30548095703125,-177.52581787109375,-203.09107971191406,7992.35498046875
310,152.28335571289062,-143.0418701171875,-190.44528198242188,-203.09107971191406,7992.35498046875
311,420.85784912109375,-125.28993225097656,-166.83876037597656,-203.09107971191406,7992.35498046875
312,306.4801330566406,-116.82242584228516,-162.16317749023438,-203.09107971191406,7992.35498046875
313,99.41152954101562,-49.63420486450195,-184.90130615234375,-203.09107971191406,7992.35498046875
314,885.6116943359375,-86.64998626708984,-160.35214233398438,-203.09107971191406,7992.35498046875
315,365.2539978027344,-73.0128173828125,-165.77508544921875,-203.09107971191406,7992.35498046875
316,372.3360595703125,-76.08423614501953,-153.9409942626953,-203.09107971191406,7992.35498046875
317,108.81522369384766,-79.31295776367188,-140.04855346679688,-203.09107971191406,7992.35498046875
318,1589.1380615234375,-60.908668518066406,-133.19436645507812,-203.09107971191406,7992.35498046875
319,677.3849487304688,-50.17970657348633,-155.50791931152344,-203.09107971191406,7992.35498046875
320,1691.661865234375,67.2500991821289,-171.40919494628906,-203.09107971191406,7992.35498046875
321,453.8924255371094,-124.91561126708984,-190.59280395507812,-203.09107971191406,7992.35498046875
322,25.58965492248535,-88.5678939819336,-157.18287658691406,-203.09107971191406,7992.35498046875
323,801.9843139648438,6.6386871337890625,-164.37246704101562,-203.09107971191406,7992.35498046875
324,544.8360595703125,-75.8246841430664,-163.50161743164062,-203.09107971191406,7992.35498046875
325,940.1409912109375,-123.34628295898438,-166.7650146484375,-203.09107971191406,7992.35498046875
326,295.96661376953125,-128.30181884765625,-164.25979614257812,-203.09107971191406,7992.35498046875
327,676.7802734375,-73.62195587158203,-170.1019287109375,-203.09107971191406,7992.35498046875
328,1915.5283203125,-98.36494445800781,-178.98538208007812,-203.09107971191406,7992.35498046875
329,2164.403564453125,-7.82159948348999,-168.4472198486328,-203.09107971191406,7992.35498046875
330,2240.643310546875,891.986572265625,-172.6056671142578,-203.09107971191406,7992.35498046875
331,2496.028564453125,-89.43962860107422,-152.23455810546875,-203.09107971191406,7992.35498046875
332,2792.43994140625,68.47779846191406,-142.1990509033203,-203.09107971191406,7992.35498046875
333,1095.119873046875,-9.46063232421875,-174.74110412597656,-203.09107971191406,7992.35498046875
334,1531.560302734375,158.5950927734375,-150.301513671875,-203.09107971191406,7992.35498046875
335,2190.80126953125,554.7432250976562,-171.85330200195312,-203.09107971191406,7992.35498046875
336,3400.696044921875,2362.564453125,-135.85980224609375,-203.09107971191406,7992.35498046875
337,2678.523681640625,-65.74142456054688,-139.795166015625,-203.09107971191406,7992.35498046875
338,1967.8726806640625,380.1907958984375,-154.1114501953125,-203.09107971191406,7992.35498046875
339,675.4690551757812,-106.60092163085938,-177.30421447753906,-203.09107971191406,7992.35498046875
340,1625.9827880859375,110.43815612792969,-187.29925537109375,-203.09107971191406,7992.35498046875
341,1133.1053466796875,-65.2145767211914,-182.43701171875,-203.09107971191406,7992.35498046875
342,1953.4437255859375,-84.6920394897461,-140.0459747314453,-203.09107971191406,7992.35498046875
343,418.89208984375,-103.68543243408203,-175.3920440673828,-203.09107971191406,7992.35498046875
344,1924.194580078125,-112.3335952758789,-189.55343627929688,-203.09107971191406,7992.35498046875
345,1331.963623046875,-75.3101806640625,-167.4697265625,-203.09107971191406,7992.35498046875
346,210.8172607421875,-129.42727661132812,-173.367919921875,-203.09107971191406,7992.35498046875
347,2096.495361328125,-118.12203979492188,-158.09701538085938,-203.09107971191406,7992.35498046875
348,2706.51123046875,393.9581298828125,-192.86380004882812,-203.09107971191406,7992.35498046875
349,462.29083251953125,-99.22988891601562,-181.12962341308594,-203.09107971191406,7992.35498046875
350,1851.8695068359375,272.59844970703125,-143.1185302734375,-203.09107971191406,7992.35498046875
351,905.7219848632812,33.94771194458008,-181.49415588378906,-203.09107971191406,7992.35498046875
352,409.26116943359375,-122.00325775146484,-172.61949157714844,-203.09107971191406,7992.35498046875
353,553.4293212890625,-79.00943756103516,-162.42469787597656,-203.09107971191406,7992.35498046875
354,1350.8580322265625,-133.95802307128906,-171.62442016601562,-203.09107971191406,7992.35498046875
355,617.1106567382812,-111.9782943725586,-175.9849395751953,-203.09107971191406,7992.35498046875
356,1369.2777099609375,-97.51703643798828,-167.9463653564453,-203.09107971191406,7992.35498046875
357,1525.7244873046875,-23.917675018310547,-158.1150360107422,-203.09107971191406,7992.35498046875
358,924.1287841796875,-92.48062896728516,-153.9331512451172,-203.09107971191406,7992.35498046875
359,805.2747192382812,7.237428665161133,-187.7278289794922,-203.09107971191406,7992.35498046875
360,500.08282470703125,-106.82274627685547,-158.7224884033203,-203.09107971191406,7992.35498046875
361,2071.54736328125,7.886258125305176,-190.63710021972656,-203.09107971191406,7992.35498046875
362,241.9369659423828,-130.2034912109375,-167.43344116210938,-203.09107971191406,7992.35498046875
363,988.5480346679688,-137.40591430664062,-211.63148498535156,-211.63148498535156,7992.35498046875
364,1802.601318359375,-123.39913177490234,-181.0876007080078,-211.63148498535156,7992.35498046875
365,2330.8564453125,-99.28303527832031,-151.90228271484375,-211.63148498535156,7992.35498046875
366,2049.136474609375,61.55120849609375,-162.709716796875,-211.63148498535156,7992.35498046875
367,1903.435546875,266.0457763671875,-179.02964782714844,-211.63148498535156,7992.35498046875
368,872.5529174804688,-108.13603210449219,-156.5068359375,-211.63148498535156,7992.35498046875
369,1427.968505859375,-130.16204833984375,-172.29061889648438,-211.63148498535156,7992.35498046875
370,2363.04833984375,631.0504760742188,-169.68487548828125,-211.63148498535156,7992.35498046875
371,2492.0234375,29.416711807250977,-188.8371124267578,-211.63148498535156,7992.35498046875
372,2402.921142578125,-10.596199989318848,-187.82412719726562,-211.63148498535156,7992.35498046875
373,392.03729248046875,-112.31571960449219,-154.0762176513672,-211.63148498535156,7992.35498046875
374,1436.456298828125,-96.634765625,-193.05648803710938,-211.63148498535156,7992.35498046875
375,1525.5186767578125,-126.91963195800781,-165.16708374023438,-211.63148498535156,7992.35498046875
376,2400.26806640625,-21.469139099121094,-172.75424194335938,-211.63148498535156,7992.35498046875
377,780.9073486328125,-110.1986312866211,-171.53773498535156,-211.63148498535156,7992.35498046875
378,406.3812255859375,-150.108154296875,-175.34762573242188,-211.63148498535156,7992.35498046875
379,962.8224487304688,-143.62367248535156,-172.96986389160156,-211.63148498535156,7992.35498046875
380,1404.5733642578125,-124.42073059082031,-156.57635498046875,-211.63148498535156,7992.35498046875
381,1231.7462158203125,-127.56983947753906,-178.04537963867188,-211.63148498535156,7992.35498046875
382,1859.3304443359375,-100.61865997314453,-153.42111206054688,-211.63148498535156,7992.35498046875
383,1092.908935546875,-86.91061401367188,-158.86390686035156,-211.63148498535156,7992.35498046875
384,2589.98193359375,-127.32272338867188,-176.53604125976562,-211.63148498535156,7992.35498046875
385,1515.139404296875,-120.17039489746094,-173.4283447265625,-211.63148498535156,7992.35498046875
386,-7.226853370666504,-112.44586944580078,-200.48587036132812,-211.63148498535156,7992.35498046875
387,620.0220336914062,-148.01712036132812,-175.01040649414062,-211.63148498535156,7992.35498046875
388,383.87261962890625,-131.00732421875,-175.48318481445312,-211.63148498535156,7992.35498046875
389,2834.610595703125,-73.25068664550781,-179.8427276611328,-211.63148498535156,7992.35498046875
390,880.8048706054688,-121.96145629882812,-182.5634765625,-211.63148498535156,7992.35498046875
391,1721.3046875,-60.45024871826172,-159.13800048828125,-211.63148498535156,7992.35498046875
392,1975.287353515625,226.21209716796875,-174.76560974121094,-211.63148498535156,7992.35498046875
393,1516.729248046875,-126.41809844970703,-169.84136962890625,-211.63148498535156,7992.35498046875
394,2394.296875,-144.3096923828125,-187.38197326660156,-211.63148498535156,7992.35498046875
395,878.2987060546875,-110.68268585205078,-180.29312133789062,-211.63148498535156,7992.35498046875
396,1371.14306640625,-116.09900665283203,-175.83511352539062,-211.63148498535156,7992.35498046875
397,1021.7013549804688,-105.54645538330078,-189.62188720703125,-211.63148498535156,7992.35498046875
398,1115.805908203125,-123.63951873779297,-177.3410186767578,-211.63148498535156,7992.35498046875
399,1089.1689453125,-95.16276550292969,-195.48162841796875,-211.63148498535156,7992.35498046875
400,2173.13330078125,207.02505493164062,-168.48622131347656,-211.63148498535156,7992.35498046875
401,783.23974609375,-132.6751708984375,-154.7898712158203,-211.63148498535156,7992.35498046875
402,2069.1279296875,-77.6286849975586,-167.10975646972656,-211.63148498535156,7992.35498046875
403,1885.430908203125,-145.98780822753906,-176.93807983398438,-211.63148498535156,7992.35498046875
404,2293.38525390625,117.07552337646484,-176.9747772216797,-211.63148498535156,7992.35498046875
405,-57.9815559387207,-141.22994995117188,-178.576904296875,-211.63148498535156,7992.35498046875
406,1790.533203125,-61.28701400756836,-176.6414337158203,-211.63148498535156,7992.35498046875
407,359.3278503417969,-108.55082702636719,-174.55203247070312,-211.63148498535156,7992.35498046875
408,568.3314208984375,-131.75450134277344,-171.8067626953125,-211.63148498535156,7992.35498046875
409,1449.467529296875,-123.36088562011719,-169.28465270996094,-211.63148498535156,7992.35498046875
410,491.3197326660156,-129.32530212402344,-161.73651123046875,-211.63148498535156,7992.35498046875
411,1175.16552734375,-105.68218994140625,-166.30416870117188,-211.63148498535156,7992.35498046875
412,449.61846923828125,-119.91954803466797,-157.42300415039062,-211.63148498535156,7992.35498046875
413,992.11767578125,-105.42183685302734,-182.04798889160156,-211.63148498535156,7992.35498046875
414,583.501708984375,-71.2361068725586,-178.87696838378906,-211.63148498535156,7992.35498046875
415,106.9897232055664,-133.3424530029297,-170.38458251953125,-211.63148498535156,7992.35498046875
416,-20.159862518310547,-118.87125396728516,-155.84677124023438,-211.63148498535156,7992.35498046875
417,1133.454833984375,-125.60293579101562,-161.22557067871094,-211.63148498535156,7992.35498046875
418,1086.6326904296875,-69.11212158203125,-150.40696716308594,-211.63148498535156,7992.35498046875
419,1481.818603515625,38.808685302734375,-189.46701049804688,-211.63148498535156,7992.35498046875
420,1264.747314453125,-110.14396667480469,-150.06173706054688,-211.63148498535156,7992.35498046875
421,1059.2305908203125,-94.17887878417969,-160.50367736816406,-211.63148498535156,7992.35498046875
422,590.1229248046875,-108.20709228515625,-167.35006713867188,-211.63148498535156,7992.35498046875
423,833.4432373046875,-116.8788833618164,-162.60702514648438,-211.63148498535156,7992.35498046875
424,1484.074951171875,-123.64625549316406,-196.85052490234375,-211.63148498535156,7992.35498046875
425,797.0169677734375,-151.33824157714844,-181.29254150390625,-211.63148498535156,7992.35498046875
426,595.8787841796875,-129.8744354248047,-177.99249267578125,-211.63148498535156,7992.35498046875
427,822.1754760742188,-118.7805404663086,-163.2349853515625,-211.63148498535156,7992.35498046875
428,-109.2978515625,-120.37016296386719,-152.46315002441406,-211.63148498535156,7992.35498046875
429,1284.766845703125,-125.77212524414062,-161.0911865234375,-211.63148498535156,7992.35498046875
430,1201.4525146484375,-115.03996276855469,-180.2986297607422,-211.63148498535156,7992.35498046875
431,966.4942626953125,-129.62991333007812,-178.53753662109375,-211.63148498535156,7992.35498046875
432,2461.5146484375,-96.09516906738281,-183.0417938232422,-211.63148498535156,7992.35498046875
433,1102.005126953125,114.85863494873047,-165.86294555664062,-211.63148498535156,7992.35498046875
434,866.2823486328125,-141.5740966796875,-179.47280883789062,-211.63148498535156,7992.35498046875
435,88.9352798461914,-126.15856170654297,-179.3670196533203,-211.63148498535156,7992.35498046875
436,969.3137817382812,-131.58096313476562,-177.06036376953125,-211.63148498535156,7992.35498046875
437,1448.0550537109375,18.13361930847168,-176.7794647216797,-211.63148498535156,7992.35498046875
438,1607.0469970703125,-125.7795181274414,-174.03868103027344,-211.63148498535156,7992.35498046875
439,1101.5811767578125,-122.09757995605469,-164.19517517089844,-211.63148498535156,7992.35498046875
440,1021.7536010742188,-127.699462890625,-177.18692016601562,-211.63148498535156,7992.35498046875
441,1837.026123046875,-63.244728088378906,-178.04591369628906,-211.63148498535156,7992.35498046875
442,492.1316833496094,-132.3204803466797,-160.73675537109375,-211.63148498535156,7992.35498046875
443,2060.12646484375,-112.90016174316406,-177.99978637695312,-211.63148498535156,7992.35498046875
444,1034.74365234375,-117.60528564453125,-154.30307006835938,-211.63148498535156,7992.35498046875
445,2009.822021484375,128.9494171142578,-180.65798950195312,-211.63148498535156,7992.35498046875
446,2486.011474609375,231.5752410888672,-169.35086059570312,-211.63148498535156,7992.35498046875
447,1905.7291259765625,-111.7713623046875,-172.19900512695312,-211.63148498535156,7992.35498046875
448,414.34942626953125,-115.73774719238281,-162.91845703125,-211.63148498535156,7992.35498046875
449,1182.197021484375,-20.14631462097168,-169.48362731933594,-211.63148498535156,7992.35498046875
450,804.4347534179688,-123.3328628540039,-160.05003356933594,-211.63148498535156,7992.35498046875
451,754.4431762695312,-117.62911987304688,-165.26654052734375,-211.63148498535156,7992.35498046875
452,1312.775146484375,-124.33809661865234,-190.47215270996094,-211.63148498535156,7992.35498046875
453,995.5599365234375,-92.2921142578125,-161.71957397460938,-211.63148498535156,7992.35498046875
454,1373.716552734375,-143.88641357421875,-200.4848175048828,-211.63148498535156,7992.35498046875
455,1731.456787109375,-131.6882781982422,-190.19712829589844,-211.63148498535156,7992.35498046875
456,1220.1749267578125,-144.46109008789062,-179.27830505371094,-211.63148498535156,7992.35498046875
457,560.4156494140625,-126.20932006835938,-190.9170379638672,-211.63148498535156,7992.35498046875
458,1172.6746826171875,-126.99470520019531,-177.5224609375,-211.63148498535156,7992.35498046875
459,602.8550415039062,-117.26600646972656,-147.43362426757812,-211.63148498535156,7992.35498046875
460,454.0452575683594,-141.66127014160156,-171.86839294433594,-211.63148498535156,7992.35498046875
461,263.4590148925781,-117.45315551757812,-178.07803344726562,-211.63148498535156,7992.35498046875
462,739.1688232421875,-85.63401794433594,-179.96849060058594,-211.63148498535156,7992.35498046875
463,505.08770751953125,-112.0294418334961,-175.19166564941406,-211.63148498535156,7992.35498046875
464,331.21929931640625,-120.6949462890625,-172.06143188476562,-211.63148498535156,7992.35498046875
465,1843.3316650390625,-62.179420471191406,-151.23016357421875,-211.63148498535156,7992.35498046875
466,678.4055786132812,-129.675048828125,-174.35906982421875,-211.63148498535156,7992.35498046875
467,679.8282470703125,-135.84710693359375,-165.90382385253906,-211.63148498535156,7992.35498046875
468,488.2054138183594,-116.30882263183594,-163.0040740966797,-211.63148498535156,7992.35498046875
469,696.2035522460938,-126.21033477783203,-156.26487731933594,-211.63148498535156,7993.5224609375
470,274.26934814453125,-134.12879943847656,-178.0054168701172,-211.63148498535156,7993.5224609375
471,1470.206787109375,-144.8793487548828,-187.18960571289062,-211.63148498535156,7993.5224609375
472,1605.55712890625,-140.65444946289062,-175.8336181640625,-211.63148498535156,7993.5224609375
473,2207.719970703125,-60.553810119628906,-172.15431213378906,-211.63148498535156,7993.5224609375
474,-133.6365203857422,-145.8241424560547,-172.77989196777344,-211.63148498535156,7993.5224609375
475,1121.9193115234375,-110.67756652832031,-180.364501953125,-211.63148498535156,7993.5224609375
476,1849.303955078125,-131.0143280029297,-169.95550537109375,-211.63148498535156,7993.5224609375
477,846.4548950195312,-114.65802001953125,-173.60781860351562,-211.63148498535156,7993.5224609375
478,584.3095703125,-141.92530822753906,-176.13607788085938,-211.63148498535156,7993.5224609375
479,711.5889892578125,-131.1117706298828,-184.9287109375,-211.63148498535156,7993.5224609375
480,806.3912963867188,-144.33201599121094,-168.3092803955078,-211.63148498535156,7993.5224609375
481,1138.8233642578125,-151.53172302246094,-174.49307250976562,-211.63148498535156,7993.5224609375
482,552.8153686523438,-135.52969360351562,-181.83419799804688,-211.63148498535156,7993.5224609375
483,388.39996337890625,-137.67706298828125,-175.49993896484375,-211.63148498535156,7993.5224609375
484,380.46588134765625,-152.26596069335938,-174.00064086914062,-211.63148498535156,7993.5224609375
485,952.1594848632812,-136.29293823242188,-182.33840942382812,-211.63148498535156,7993.5224609375
486,1767.3258056640625,-111.17768859863281,-177.5102081298828,-211.63148498535156,7993.5224609375
487,2556.1494140625,122.1857681274414,-198.08677673339844,-211.63148498535156,7993.5224609375
488,-0.4968307614326477,-132.82884216308594,-179.7144012451172,-211.63148498535156,7993.5224609375
489,569.2027587890625,-145.90435791015625,-175.16297912597656,-211.63148498535156,7993.5224609375
490,2108.7470703125,-44.777584075927734,-181.341796875,-211.63148498535156,7993.5224609375
491,430.9656677246094,-130.6231231689453,-188.23956298828125,-211.63148498535156,7993.5224609375
492,1382.4033203125,-87.9068832397461,-177.08682250976562,-211.63148498535156,7993.5224609375
493,3092.107421875,-11.094017028808594,-195.2148895263672,-211.63148498535156,7993.5224609375
494,2674.48876953125,-98.04497528076172,-184.82028198242188,-211.63148498535156,7993.5224609375
495,1101.316650390625,-111.10443115234375,-169.02243041992188,-211.63148498535156,7993.5224609375
496,2369.64306640625,377.2810363769531,-172.25076293945312,-211.63148498535156,7993.5224609375
497,2082.17529296875,-93.49273681640625,-153.60008239746094,-211.63148498535156,7993.5224609375
498,1793.087890625,-110.44283294677734,-174.4013214111328,-211.63148498535156,7993.5224609375
499,295.0909118652344,-145.46945190429688,-176.43148803710938,-211.63148498535156,7993.5224609375
500,2402.755859375,-112.70777893066406,-179.7738800048828,-211.63148498535156,7993.5224609375
501,702.853515625,-123.27019500732422,-179.93434143066406,-211.63148498535156,7993.5224609375
502,1066.2054443359375,-121.49363708496094,-167.80252075195312,-211.63148498535156,7993.5224609375
503,1663.411376953125,-116.68333435058594,-166.93853759765625,-211.63148498535156,7993.5224609375
504,1740.1005859375,547.16357421875,-176.31236267089844,-211.63148498535156,7993.5224609375
505,513.250244140625,-131.46804809570312,-173.698486328125,-211.63148498535156,7993.5224609375
506,756.1692504882812,-136.58111572265625,-175.79702758789062,-211.63148498535156,7993.5224609375
507,1782.270263671875,130.7239990234375,-187.2768096923828,-211.63148498535156,7993.5224609375
508,960.6565551757812,11.078819274902344,-164.61428833007812,-211.63148498535156,7993.5224609375
509,870.7107543945312,-122.85951232910156,-185.286376953125,-211.63148498535156,7993.5224609375
510,2470.519775390625,860.5880126953125,-181.76968383789062,-211.63148498535156,7993.5224609375
511,1403.695068359375,-107.60399627685547,-166.31932067871094,-211.63148498535156,7993.5224609375
512,666.2443237304688,-57.26216125488281,-181.9831085205078,-211.63148498535156,7993.5224609375
513,462.25299072265625,-119.7651596069336,-181.24212646484375,-211.63148498535156,7993.5224609375
514,1605.668701171875,-100.54356384277344,-198.19871520996094,-211.63148498535156,7993.5224609375
515,780.3352661132812,-124.27924346923828,-159.95867919921875,-211.63148498535156,7993.5224609375
516,665.85302734375,-113.28224182128906,-164.21128845214844,-211.63148498535156,7993.5224609375
517,1799.503173828125,-125.79071807861328,-171.83616638183594,-211.63148498535156,7993.5224609375
518,1076.4031982421875,-69.28849792480469,-193.0391082763672,-211.63148498535156,7993.5224609375
519,1956.076171875,-12.87169075012207,-182.92062377929688,-211.63148498535156,7993.5224609375
520,755.2426147460938,-133.0330352783203,-173.91067504882812,-211.63148498535156,7993.5224609375
521,1389.365478515625,-138.84881591796875,-181.96328735351562,-211.63148498535156,7993.5224609375
522,800.0676879882812,-127.47191619873047,-182.51513671875,-211.63148498535156,7993.5224609375
523,952.0250244140625,-131.01744079589844,-183.96063232421875,-211.63148498535156,7993.5224609375
524,947.5069580078125,-142.3545684814453,-189.06553649902344,-211.63148498535156,7993.5224609375
525,1443.008056640625,-119.98756408691406,-176.19351196289062,-211.63148498535156,7993.5224609375
526,1494.1580810546875,-65.0023193359375,-177.03530883789062,-211.63148498535156,7993.5224609375
527,3004.686279296875,2219.26171875,-179.88677978515625,-211.63148498535156,7993.5224609375
528,138.73867797851562,-135.06320190429688,-154.773681640625,-211.63148498535156,7993.5224609375
529,839.0264892578125,-95.331787109375,-169.5408935546875,-211.63148498535156,7993.5224609375
530,494.3509826660156,-104.671630859375,-166.6712646484375,-211.63148498535156,7993.5224609375
531,726.849609375,-134.3225860595703,-190.157958984375,-211.63148498535156,7993.5224609375
532,1874.943603515625,214.23565673828125,-175.80982971191406,-211.63148498535156,7993.5224609375
533,730.8175048828125,-154.10682678222656,-178.486083984375,-211.63148498535156,7993.5224609375
534,1618.181884765625,-110.34625244140625,-177.89051818847656,-211.63148498535156,7993.5224609375
535,246.9815216064453,-112.17012023925781,-173.9441375732422,-211.63148498535156,7993.5224609375
536,819.1262817382812,-148.9237060546875,-179.62387084960938,-211.63148498535156,7993.5224609375
537,1166.5667724609375,-127.41938018798828,-160.37210083007812,-211.63148498535156,7993.5224609375
538,1541.3082275390625,59.137901306152344,-168.3125457763672,-211.63148498535156,7993.5224609375
539,629.6702880859375,-134.0221710205078,-166.405029296875,-211.63148498535156,7993.5224609375
540,65.37896728515625,-134.02703857421875,-175.06939697265625,-211.63148498535156,7993.5224609375
541,1579.16943359375,-116.72673797607422,-161.05282592773438,-211.63148498535156,7993.5224609375
542,812.3494262695312,-96.64153289794922,-153.82479858398438,-211.63148498535156,7993.5224609375
543,315.6566162109375,-107.94403839111328,-167.94143676757812,-211.63148498535156,7993.5224609375
544,799.238525390625,-126.0948486328125,-173.4744873046875,-211.63148498535156,7993.5224609375
545,466.46905517578125,-130.3527069091797,-182.99220275878906,-211.63148498535156,7993.5224609375
546,335.539306640625,-128.6383819580078,-194.40171813964844,-211.63148498535156,7993.5224609375
547,1377.973876953125,-37.788665771484375,-146.5301971435547,-211.63148498535156,7993.5224609375
548,1188.5001220703125,-112.72576904296875,-160.13040161132812,-211.63148498535156,7993.5224609375
549,862.943359375,162.3265380859375,-171.52554321289062,-211.63148498535156,7993.5224609375
550,1112.8726806640625,31.546497344970703,-193.99746704101562,-211.63148498535156,7993.5224609375
551,2523.26708984375,458.00140380859375,-137.09451293945312,-211.63148498535156,7993.5224609375
552,1446.346923828125,-111.68470001220703,-177.4515380859375,-211.63148498535156,7993.5224609375
553,1701.9586181640625,-89.66667938232422,-170.3681640625,-211.63148498535156,7993.5224609375
554,758.0029907226562,-31.42698097229004,-171.24147033691406,-211.63148498535156,7993.5224609375
555,485.88690185546875,-77.16336059570312,-169.4009246826172,-211.63148498535156,7993.5224609375
556,1488.255615234375,220.02377319335938,-159.45883178710938,-211.63148498535156,7993.5224609375
557,115.15110778808594,-113.36712646484375,-171.704345703125,-211.63148498535156,7993.5224609375
558,2806.401611328125,1791.23291015625,-168.740234375,-211.63148498535156,7993.5224609375
559,1032.5089111328125,-32.46265411376953,-181.78961181640625,-211.63148498535156,7993.5224609375
560,1102.9140625,-133.82469177246094,-176.0925750732422,-211.63148498535156,7993.5224609375
561,1057.895751953125,-39.45549011230469,-161.42303466796875,-211.63148498535156,7993.5224609375
562,1456.4642333984375,-11.489197731018066,-158.2823028564453,-211.63148498535156,7993.5224609375
563,1065.5428466796875,-129.0338897705078,-167.5201873779297,-211.63148498535156,7993.5224609375
564,1224.1781005859375,-103.08055877685547,-157.89442443847656,-211.63148498535156,7993.5224609375
565,2294.56005859375,172.99740600585938,-177.24526977539062,-211.63148498535156,7993.5224609375
566,1025.2857666015625,-35.110984802246094,-169.68775939941406,-211.63148498535156,7993.5224609375
567,1533.8974609375,-66.65943908691406,-164.80264282226562,-211.63148498535156,7993.5224609375
568,1418.929443359375,345.02130126953125,-178.09141540527344,-211.63148498535156,7993.5224609375
569,1138.237548828125,-91.5479965209961,-154.47695922851562,-211.63148498535156,7993.5224609375
570,1669.8802490234375,-119.89239501953125,-177.87127685546875,-211.63148498535156,7993.5224609375
571,1822.666015625,-94.98975372314453,-149.7613983154297,-211.63148498535156,7993.5224609375
572,1410.653076171875,-108.07513427734375,-160.20681762695312,-211.63148498535156,7993.5224609375
573,1458.26416015625,-94.50641632080078,-164.1812744140625,-211.63148498535156,7993.5224609375
574,1107.934326171875,-132.2552490234375,-179.87060546875,-211.63148498535156,7993.5224609375
575,791.3776245117188,-62.449642181396484,-170.7167510986328,-211.63148498535156,7993.5224609375
576,1324.8499755859375,-129.17791748046875,-157.867919921875,-211.63148498535156,7993.5224609375
577,1320.955810546875,-102.76773834228516,-163.8431396484375,-211.63148498535156,7993.5224609375
578,1101.1783447265625,-119.67841339111328,-148.69192504882812,-211.63148498535156,7993.5224609375
579,401.42413330078125,-126.50196838378906,-172.8199462890625,-211.63148498535156,7993.5224609375
580,202.9276885986328,-119.96307373046875,-183.488525390625,-211.63148498535156,7993.5224609375
581,1274.852783203125,-103.92477416992188,-189.39114379882812,-211.63148498535156,7993.5224609375
582,660.9678955078125,-124.83636474609375,-175.5992431640625,-211.63148498535156,7993.5224609375
583,1610.416259765625,-11.039737701416016,-161.32945251464844,-211.63148498535156,7993.5224609375
584,595.6334228515625,-119.1737060546875,-179.09518432617188,-211.63148498535156,7993.5224609375
585,2790.6611328125,673.1476440429688,-159.8788299560547,-211.63148498535156,7993.5224609375
586,1363.962158203125,-73.43433380126953,-171.4394989013672,-211.63148498535156,7993.5224609375
587,2255.582763671875,110.54863739013672,-148.65435791015625,-211.63148498535156,7993.5224609375
588,1542.712646484375,-113.55101776123047,-163.3287353515625,-211.63148498535156,7993.5224609375
589,2566.33447265625,1841.722900390625,-156.2587432861328,-211.63148498535156,7993.5224609375
590,1602.090087890625,-136.7840576171875,-164.316162109375,-211.63148498535156,7993.5224609375
591,409.82342529296875,-126.2364501953125,-173.47610473632812,-211.63148498535156,7993.5224609375
592,1001.4503173828125,-103.66397094726562,-199.67730712890625,-211.63148498535156,7993.5224609375
593,1824.7698974609375,-109.34359741210938,-162.35220336914062,-211.63148498535156,7993.5224609375
594,1134.22412109375,-87.53666687011719,-177.43870544433594,-211.63148498535156,7993.5224609375
595,1643.5159912109375,-104.64454650878906,-158.15341186523438,-211.63148498535156,7993.5224609375
596,1620.600341796875,-128.728759765625,-167.01724243164062,-211.63148498535156,7993.5224609375
597,2817.76806640625,81.99517822265625,-183.03094482421875,-211.63148498535156,7993.5224609375
598,1421.296142578125,-135.7436981201172,-189.01123046875,-211.63148498535156,7993.5224609375
599,2786.612060546875,64.09114837646484,-165.68821716308594,-211.63148498535156,7993.5224609375
600,2151.74072265625,216.81759643554688,-154.94198608398438,-211.63148498535156,7993.5224609375
601,1526.3409423828125,37.00227355957031,-148.95263671875,-211.63148498535156,7993.5224609375
602,1853.542724609375,-109.0792007446289,-151.31057739257812,-211.63148498535156,7993.5224609375
603,1873.223388671875,409.8405456542969,-172.4951629638672,-211.63148498535156,7993.5224609375
604,2830.83154296875,346.7621154785156,-197.04507446289062,-211.63148498535156,7993.5224609375
605,3242.22900390625,2406.9951171875,-165.18319702148438,-211.63148498535156,7993.5224609375
606,1315.296142578125,-107.2629165649414,-180.3291473388672,-211.63148498535156,7993.5224609375
607,1312.0250244140625,-100.69412994384766,-159.21902465820312,-211.63148498535156,7993.5224609375
608,3428.032470703125,143.427734375,-150.12725830078125,-211.63148498535156,7993.5224609375
609,1768.9927978515625,-127.82742309570312,-175.54168701171875,-211.63148498535156,7993.5224609375
610,1646.326416015625,-86.15357208251953,-167.49110412597656,-211.63148498535156,7993.5224609375
611,2437.98828125,794.2035522460938,-154.3352813720703,-211.63148498535156,7993.5224609375
612,1539.9857177734375,-58.53677749633789,-170.29849243164062,-211.63148498535156,7993.5224609375
613,782.0164184570312,-113.44876098632812,-164.63401794433594,-211.63148498535156,7993.5224609375
614,2054.172119140625,1137.717529296875,-181.03016662597656,-211.63148498535156,7993.5224609375
615,1690.3883056640625,-130.83999633789062,-171.32704162597656,-211.63148498535156,7993.5224609375
616,2697.77587890625,895.1515502929688,-142.22531127929688,-211.63148498535156,7993.5224609375
617,3369.015625,2387.568115234375,-179.3759002685547,-211.63148498535156,7993.5224609375
618,400.89166259765625,-99.4903564453125,-168.6074981689453,-211.63148498535156,7993.5224609375
619,1398.048095703125,252.59588623046875,-147.20086669921875,-211.63148498535156,7993.5224609375
620,1696.869384765625,-69.24394226074219,-163.70216369628906,-211.63148498535156,7993.5224609375
621,-45.082542419433594,-126.22450256347656,-170.11154174804688,-211.63148498535156,7993.5224609375
622,1867.1790771484375,-118.93707275390625,-181.18333435058594,-211.63148498535156,7993.5224609375
623,709.6436767578125,-141.98150634765625,-173.54461669921875,-211.63148498535156,7993.5224609375
624,945.5157470703125,-47.87362289428711,-163.35525512695312,-211.63148498535156,7993.5224609375
625,122.92549133300781,-68.57878875732422,-163.59793090820312,-211.63148498535156,7993.5224609375
626,1111.864013671875,-42.359066009521484,-178.73402404785156,-211.63148498535156,7993.5224609375
627,355.62567138671875,-118.97769165039062,-172.0672607421875,-211.63148498535156,7993.5224609375
628,627.6948852539062,-111.80838012695312,-178.41339111328125,-211.63148498535156,7993.5224609375
629,477.02032470703125,-131.39540100097656,-189.86940002441406,-211.63148498535156,7993.5224609375
630,2019.080322265625,256.9268493652344,-183.75491333007812,-211.63148498535156,7993.5224609375
631,1326.748291015625,-134.73709106445312,-173.87545776367188,-211.63148498535156,7993.5224609375
632,2648.099609375,312.8343811035156,-180.0366668701172,-211.63148498535156,7993.5224609375
633,1499.854736328125,-147.69268798828125,-172.40199279785156,-211.63148498535156,7993.5224609375
634,2404.21435546875,-83.60824584960938,-168.66619873046875,-211.63148498535156,7993.5224609375
635,1318.8828125,-139.89306640625,-181.8843231201172,-211.63148498535156,7993.5224609375
636,2480.718017578125,1129.2265625,-168.3230743408203,-211.63148498535156,7993.5224609375
637,950.9347534179688,-129.0618896484375,-181.63287353515625,-211.63148498535156,7993.5224609375
638,1486.744384765625,273.79522705078125,-189.03860473632812,-211.63148498535156,7993.5224609375
639,2041.6259765625,29.056657791137695,-191.2651824951172,-211.63148498535156,7993.5224609375
640,1663.201416015625,-115.97105407714844,-171.97991943359375,-211.63148498535156,7993.5224609375
641,1041.6396484375,-45.836082458496094,-178.3818817138672,-211.63148498535156,7993.5224609375
642,1248.98046875,-115.35750579833984,-187.2146759033203,-211.63148498535156,7993.5224609375
643,4752.39306640625,6015.85400390625,-108.05106353759766,-211.63148498535156,7993.5224609375
644,602.3060913085938,-116.37201690673828,-169.03965759277344,-211.63148498535156,7993.5224609375
645,1176.612548828125,-71.34689331054688,-180.95556640625,-211.63148498535156,7993.5224609375
646,2473.394775390625,1352.935791015625,-154.6508331298828,-211.63148498535156,7993.5224609375
647,2622.21826171875,172.66448974609375,-170.4470977783203,-211.63148498535156,7993.5224609375
648,1170.380615234375,-111.38404846191406,-194.91156005859375,-211.63148498535156,7993.5224609375
649,289.173095703125,-142.10580444335938,-178.934814453125,-211.63148498535156,7993.5224609375
650,1614.4627685546875,-76.9961166381836,-162.13172912597656,-211.63148498535156,7993.5224609375
651,1272.9599609375,-108.69657897949219,-170.98468017578125,-211.63148498535156,7993.5224609375
652,1203.4365234375,-75.92489624023438,-147.15127563476562,-211.63148498535156,7993.5224609375
653,863.6980590820312,-119.91517639160156,-177.24122619628906,-211.63148498535156,7993.5224609375
654,1763.655517578125,-31.591285705566406,-169.55628967285156,-211.63148498535156,7993.5224609375
655,1320.1142578125,-84.18515014648438,-160.66400146484375,-211.63148498535156,7993.5224609375
656,1065.0201416015625,-49.030338287353516,-151.92852783203125,-211.63148498535156,7993.5224609375
657,506.09844970703125,-115.42723083496094,-163.50140380859375,-211.63148498535156,7993.5224609375
658,1316.291259765625,-32.418739318847656,-153.10308837890625,-211.63148498535156,7993.5224609375
659,2003.7679443359375,326.76605224609375,-134.4274139404297,-211.63148498535156,7993.5224609375
660,1171.1744384765625,-100.36453247070312,-157.11538696289062,-211.63148498535156,7993.5224609375
661,1360.9376220703125,-11.075468063354492,-165.541748046875,-211.63148498535156,7993.5224609375
662,1480.960693359375,-111.57324981689453,-164.2058868408203,-211.63148498535156,7993.5224609375
663,402.1369934082031,-121.63646697998047,-156.9271240234375,-211.63148498535156,7993.5224609375
664,732.9034423828125,-130.958740234375,-162.39871215820312,-211.63148498535156,7993.5224609375
665,1210.3238525390625,-118.36221313476562,-162.7965850830078,-211.63148498535156,7993.5224609375
666,1377.4534912109375,-49.27425765991211,-143.12896728515625,-211.63148498535156,7993.5224609375
667,842.9547119140625,-53.00855255126953,-167.6182098388672,-211.63148498535156,7993.5224609375
668,793.5465698242188,-115.73726654052734,-163.90142822265625,-211.63148498535156,7993.5224609375
669,1773.9193115234375,-104.39376831054688,-180.4994354248047,-211.63148498535156,7993.5224609375
670,1266.559814453125,-129.01123046875,-166.0618438720703,-211.63148498535156,7993.5224609375
671,1119.666259765625,-62.28532028198242,-181.17819213867188,-211.63148498535156,7993.5224609375
672,2587.77685546875,1127.62109375,-138.789306640625,-211.63148498535156,7993.5224609375
673,161.74642944335938,-129.34042358398438,-172.1991424560547,-211.63148498535156,7993.5224609375
674,1529.6240234375,-82.09747314453125,-155.5878143310547,-211.63148498535156,7993.5224609375
675,1984.0767822265625,243.02391052246094,-165.68927001953125,-211.63148498535156,7993.5224609375
676,1398.419677734375,-110.94664001464844,-164.00341796875,-211.63148498535156,7993.5224609375
677,1649.0238037109375,-129.4270782470703,-161.52169799804688,-211.63148498535156,7993.5224609375
678,2837.007080078125,1122.0350341796875,-143.1023406982422,-211.63148498535156,7993.5224609375
679,1768.221435546875,355.5612487792969,-177.66195678710938,-211.63148498535156,7993.5224609375
680,1062.4720458984375,-117.26854705810547,-181.42288208007812,-211.63148498535156,7993.5224609375
681,1931.4720458984375,121.60602569580078,-160.6901397705078,-211.63148498535156,7993.5224609375
682,717.6873779296875,140.76614379882812,-174.84976196289062,-211.63148498535156,7993.5224609375
683,1170.3721923828125,-126.13691711425781,-172.44293212890625,-211.63148498535156,7993.5224609375
684,517.8499755859375,-136.44509887695312,-171.76611328125,-211.63148498535156,7993.5224609375
685,2497.07666015625,244.41500854492188,-183.37550354003906,-211.63148498535156,7993.5224609375
686,1494.8197021484375,77.61790466308594,-161.06927490234375,-211.63148498535156,7993.5224609375
687,1051.974365234375,-78.94377136230469,-158.74554443359375,-211.63148498535156,7993.5224609375
688,1411.4954833984375,-102.3623275756836,-156.01324462890625,-211.63148498535156,7993.5224609375
689,233.19705200195312,-136.22552490234375,-174.1348876953125,-211.63148498535156,7993.5224609375
690,-51.7155876159668,-126.03668212890625,-155.99168395996094,-211.63148498535156,7993.5224609375
691,1069.61962890625,-103.12506103515625,-159.0201416015625,-211.63148498535156,7993.5224609375
692,1693.781982421875,364.40496826171875,-172.1891632080078,-211.63148498535156,7993.5224609375
693,648.0487060546875,-126.28968811035156,-173.56210327148438,-211.63148498535156,7993.5224609375
694,-51.86973190307617,-128.0658721923828,-167.2938995361328,-211.63148498535156,7993.5224609375
695,1407.43212890625,-132.565185546875,-175.8516387939453,-211.63148498535156,7993.5224609375
696,3231.37939453125,880.6876831054688,-169.4145050048828,-211.63148498535156,7993.5224609375
697,669.7149658203125,-121.60010528564453,-163.8429412841797,-211.63148498535156,7993.5224609375
698,598.2918701171875,-116.77908325195312,-160.45460510253906,-211.63148498535156,7993.5224609375
699,2261.48828125,-107.53514099121094,-162.95628356933594,-211.63148498535156,7993.5224609375
700,1041.6409912109375,-118.01581573486328,-153.94432067871094,-211.63148498535156,7993.5224609375
701,1769.766845703125,57.07646560668945,-173.95574951171875,-211.63148498535156,7993.5224609375
702,510.5704650878906,-131.04769897460938,-166.95114135742188,-211.63148498535156,7993.5224609375
703,476.4652404785156,-120.31854248046875,-173.60516357421875,-211.63148498535156,7993.5224609375
704,368.25927734375,-131.61900329589844,-163.29685974121094,-211.63148498535156,7993.5224609375
705,586.38134765625,-131.1426239013672,-169.47744750976562,-211.63148498535156,7993.5224609375
706,1203.2003173828125,-133.9561767578125,-181.25991821289062,-211.63148498535156,7993.5224609375
707,2125.925048828125,-100.49855041503906,-153.08560180664062,-211.63148498535156,7993.5224609375
708,1160.29052734375,-132.87306213378906,-169.9833984375,-211.63148498535156,7993.5224609375
709,1561.424560546875,-112.13926696777344,-178.70474243164062,-211.63148498535156,7993.5224609375
710,964.3131713867188,-129.91522216796875,-174.99765014648438,-211.63148498535156,7993.5224609375
711,2932.594482421875,318.03643798828125,-145.5827178955078,-211.63148498535156,7993.5224609375
712,1317.456787109375,-86.6224594116211,-157.7488555908203,-211.63148498535156,7993.5224609375
713,529.0633544921875,-135.89288330078125,-172.33834838867188,-211.63148498535156,7993.5224609375
714,2514.880859375,866.29638671875,-168.13543701171875,-211.63148498535156,7993.5224609375
715,3802.791748046875,3387.1650390625,-164.07122802734375,-211.63148498535156,7993.5224609375
716,2062.810546875,-124.73402404785156,-166.1152801513672,-211.63148498535156,7993.5224609375
717,1593.285888671875,221.06153869628906,-166.75335693359375,-211.63148498535156,7993.5224609375
718,1569.835205078125,-127.35476684570312,-178.2220458984375,-211.63148498535156,7993.5224609375
719,1851.314453125,-115.68879699707031,-159.86746215820312,-211.63148498535156,7993.5224609375
720,1523.84228515625,-116.19849395751953,-161.36831665039062,-211.63148498535156,7993.5224609375
721,1793.561279296875,-132.47317504882812,-175.70986938476562,-211.63148498535156,7993.5224609375
722,2599.760986328125,-104.31715393066406,-171.71102905273438,-211.63148498535156,7993.5224609375
723,80.84598541259766,-141.13629150390625,-168.7613983154297,-211.63148498535156,7993.5224609375
724,1604.7110595703125,-125.55807495117188,-174.27206420898438,-211.63148498535156,7993.5224609375
725,1404.262451171875,-148.0958251953125,-170.30368041992188,-211.63148498535156,7993.5224609375
726,2274.087646484375,-65.99917602539062,-179.09544372558594,-211.63148498535156,7993.5224609375
727,842.5615234375,-115.91429138183594,-190.3284912109375,-211.63148498535156,7993.5224609375
728,1053.6800537109375,-137.9836883544922,-177.59603881835938,-211.63148498535156,7993.5224609375
729,1752.106689453125,-57.33799743652344,-171.20492553710938,-211.63148498535156,7993.5224609375
730,3358.16015625,4078.72900390625,-180.63262939453125,-211.63148498535156,7993.5224609375
731,1512.9462890625,-58.66199493408203,-170.92453002929688,-211.63148498535156,7993.5224609375
732,1700.145263671875,-93.48350524902344,-186.52711486816406,-211.63148498535156,7993.5224609375
733,1237.8353271484375,-139.9275360107422,-171.9822998046875,-211.63148498535156,7993.5224609375
734,2370.17236328125,-92.05439758300781,-174.9551239013672,-211.63148498535156,7993.5224609375
735,1641.3343505859375,-97.24832916259766,-150.37747192382812,-211.63148498535156,7993.5224609375
736,1287.50732421875,-106.80107116699219,-156.55557250976562,-211.63148498535156,7993.5224609375
737,830.2724609375,-148.0652313232422,-168.4356231689453,-211.63148498535156,7993.5224609375
738,1279.71337890625,-133.24551391601562,-163.1069793701172,-211.63148498535156,7993.5224609375
739,3199.133056640625,-102.8269271850586,-200.9615478515625,-211.63148498535156,7993.5224609375
740,1411.5592041015625,-111.205322265625,-183.40347290039062,-211.63148498535156,7993.5224609375
741,1676.101318359375,-134.6634979248047,-170.58055114746094,-211.63148498535156,7993.5224609375
742,2281.35009765625,-111.91224670410156,-158.4462432861328,-211.63148498535156,7993.5224609375
743,11.668805122375488,-139.49325561523438,-174.28297424316406,-211.63148498535156,7993.5224609375
744,2090.9599609375,-105.02648162841797,-201.80685424804688,-211.63148498535156,7993.5224609375
745,1941.5152587890625,-117.50822448730469,-159.26449584960938,-211.63148498535156,7993.5224609375
746,566.3128051757812,-129.97714233398438,-186.8072052001953,-211.63148498535156,7993.5224609375
747,732.9959716796875,-121.74771118164062,-155.81561279296875,-211.63148498535156,7993.5224609375
748,1434.3685302734375,195.79434204101562,-200.19422912597656,-211.63148498535156,7993.5224609375
749,2877.60693359375,66.47615051269531,-164.06768798828125,-211.63148498535156,7993.5224609375
750,1847.8861083984375,-124.61781311035156,-170.80162048339844,-211.63148498535156,7993.5224609375
751,893.6251831054688,-136.92166137695312,-177.568115234375,-211.63148498535156,7993.5224609375
752,2038.1552734375,-115.7713394165039,-166.13658142089844,-211.63148498535156,7993.5224609375
753,1062.8980712890625,-133.61915588378906,-183.29598999023438,-211.63148498535156,7993.5224609375
754,4422.93603515625,4456.72021484375,-156.27699279785156,-211.63148498535156,7993.5224609375
755,2850.867919921875,2936.610595703125,-173.96441650390625,-211.63148498535156,7993.5224609375
756,2569.558349609375,338.8616638183594,-171.02694702148438,-211.63148498535156,7993.5224609375
757,2116.822998046875,-113.6423568725586,-178.64303588867188,-211.63148498535156,7993.5224609375
758,2417.933349609375,98.90147399902344,-133.9365234375,-211.63148498535156,7993.5224609375
759,970.93505859375,-107.35517883300781,-165.12527465820312,-211.63148498535156,7993.5224609375
760,1686.091064453125,-98.35916137695312,-172.89801025390625,-211.63148498535156,7993.5224609375
761,2600.907958984375,351.7973327636719,-172.6584014892578,-211.63148498535156,7993.5224609375
762,801.5194702148438,-140.18936157226562,-185.2657928466797,-211.63148498535156,7993.5224609375
763,398.4873352050781,-121.17770385742188,-172.8885040283203,-211.63148498535156,7993.5224609375
764,1312.331298828125,-128.99757385253906,-174.34988403320312,-211.63148498535156,7993.5224609375
765,559.1502685546875,-129.9906463623047,-173.82196044921875,-211.63148498535156,7993.5224609375
766,1895.54296875,-14.416598320007324,-163.80809020996094,-211.63148498535156,7993.5224609375
767,738.3026733398438,-125.8541030883789,-166.45787048339844,-211.63148498535156,7993.5224609375
768,364.8985290527344,-141.14517211914062,-182.57984924316406,-211.63148498535156,7993.5224609375
769,2447.799560546875,-128.07208251953125,-191.2310791015625,-211.63148498535156,7993.5224609375
770,1397.981689453125,179.83493041992188,-161.3600311279297,-211.63148498535156,7993.5224609375
771,401.2470703125,-144.37950134277344,-178.69631958007812,-211.63148498535156,7993.5224609375
772,1665.6826171875,-117.46961975097656,-180.46469116210938,-211.63148498535156,7993.5224609375
773,1523.7039794921875,-117.24925231933594,-161.05299377441406,-211.63148498535156,7993.5224609375
774,1285.3922119140625,-134.8695831298828,-167.6671142578125,-211.63148498535156,7993.5224609375
775,1213.5433349609375,15.49537467956543,-184.15115356445312,-211.63148498535156,7993.5224609375
776,1812.794921875,115.69303894042969,-193.31553649902344,-211.63148498535156,7993.5224609375
777,348.4134521484375,-135.87319946289062,-178.7164306640625,-211.63148498535156,7993.5224609375
778,912.8414306640625,71.45073699951172,-172.2479248046875,-211.63148498535156,7993.5224609375
779,561.204345703125,-145.68524169921875,-182.53619384765625,-211.63148498535156,7993.5224609375
780,-31.288455963134766,-107.86809539794922,-160.51040649414062,-211.63148498535156,7993.5224609375
781,2102.11376953125,-38.863548278808594,-157.87615966796875,-211.63148498535156,7993.5224609375
782,1473.2059326171875,-103.32711029052734,-161.14791870117188,-211.63148498535156,7993.5224609375
783,550.9095458984375,-132.22813415527344,-173.8929443359375,-211.63148498535156,7993.5224609375
784,2065.352294921875,-92.85682678222656,-180.9884490966797,-211.63148498535156,7993.5224609375
785,836.21630859375,-30.7735595703125,-174.22979736328125,-211.63148498535156,7993.5224609375
786,297.9438171386719,-147.8964080810547,-176.91986083984375,-211.63148498535156,7993.5224609375
787,1674.232421875,-69.83868408203125,-164.41110229492188,-211.63148498535156,7993.5224609375
788,1097.7645263671875,-111.21778106689453,-173.24371337890625,-211.63148498535156,7993.5224609375
789,409.1601867675781,-133.22732543945312,-183.2048797607422,-211.63148498535156,7993.5224609375
790,36.03852081298828,-137.62770080566406,-174.1482391357422,-211.63148498535156,7993.5224609375
791,565.7186889648438,-128.66436767578125,-187.51707458496094,-211.63148498535156,7993.5224609375
792,1927.1224365234375,-34.398963928222656,-173.7390594482422,-211.63148498535156,7993.5224609375
793,959.3282470703125,-132.0322723388672,-179.20956420898438,-211.63148498535156,7993.5224609375
794,840.73828125,-106.31124877929688,-163.2003631591797,-211.63148498535156,7993.5224609375
795,864.6721801757812,-109.01887512207031,-179.3528594970703,-211.63148498535156,7993.5224609375
796,579.198486328125,-122.22450256347656,-148.4981689453125,-211.63148498535156,7993.5224609375
797,2284.364501953125,526.4421997070312,-184.06060791015625,-211.63148498535156,7993.5224609375
798,1020.8934326171875,-117.35208892822266,-173.97061157226562,-211.63148498535156,7993.5224609375
799,768.0744018554688,-132.13858032226562,-185.92808532714844,-211.63148498535156,7993.5224609375
800,432.3672790527344,-113.5759506225586,-163.6546630859375,-211.63148498535156,7993.5224609375
801,456.72222900390625,-138.16546630859375,-175.05380249023438,-211.63148498535156,7993.5224609375
802,-115.28935241699219,-129.25376892089844,-154.13616943359375,-211.63148498535156,7993.5224609375
803,611.5081176757812,-127.06326293945312,-165.1096649169922,-211.63148498535156,7993.5224609375
804,-83.53702545166016,-138.9709014892578,-183.62966918945312,-211.63148498535156,7993.5224609375
805,452.3817443847656,-127.98786926269531,-150.39468383789062,-211.63148498535156,7993.5224609375
806,379.1872253417969,-139.60162353515625,-173.0366973876953,-211.63148498535156,7993.5224609375
807,-36.36324691772461,-133.61903381347656,-157.28768920898438,-211.63148498535156,7993.5224609375
808,361.6192932128906,-141.8162078857422,-174.4943389892578,-211.63148498535156,7993.5224609375
809,1186.970947265625,53.79512023925781,-156.69635009765625,-211.63148498535156,7993.5224609375
810,794.8020629882812,-139.11700439453125,-179.3315887451172,-211.63148498535156,7993.5224609375
811,70.60111999511719,-135.49986267089844,-168.86785888671875,-211.63148498535156,7993.5224609375
812,325.5858154296875,-135.51295471191406,-178.31201171875,-211.63148498535156,7993.5224609375
813,732.0559692382812,-114.19829559326172,-164.12673950195312,-211.63148498535156,7993.5224609375
814,-107.10213470458984,-125.8199462890625,-156.3140106201172,-211.63148498535156,7993.5224609375
815,209.5811309814453,-123.14091491699219,-181.255126953125,-211.63148498535156,7993.5224609375
816,1368.4498291015625,-140.61817932128906,-183.33055114746094,-211.63148498535156,7993.5224609375
817,1229.872314453125,-87.74040985107422,-170.27267456054688,-211.63148498535156,7993.5224609375
818,221.95297241210938,-119.00958251953125,-180.58261108398438,-211.63148498535156,7993.5224609375
819,-15.127285957336426,-134.2281951904297,-166.2776336669922,-211.63148498535156,7993.5224609375
820,1739.2435302734375,531.4067993164062,-184.9525604248047,-211.63148498535156,7993.5224609375
821,-124.16319274902344,-141.02992248535156,-173.74188232421875,-211.63148498535156,7993.5224609375
822,816.7796020507812,-138.7429656982422,-175.294189453125,-211.63148498535156,7993.5224609375
823,-114.0526351928711,-142.14175415039062,-174.095703125,-211.63148498535156,7993.5224609375
824,1758.0220947265625,2.6073532104492188,-186.0924072265625,-211.63148498535156,7993.5224609375
825,333.9424743652344,-116.94082641601562,-165.16127014160156,-211.63148498535156,7993.5224609375
826,2059.12255859375,-113.10304260253906,-201.18409729003906,-211.63148498535156,7993.5224609375
827,2291.75732421875,-108.75529479980469,-164.16317749023438,-211.63148498535156,7993.5224609375
828,1305.931884765625,-128.3113250732422,-186.4761505126953,-211.63148498535156,7993.5224609375
829,279.1410217285156,-134.0086212158203,-174.33811950683594,-211.63148498535156,7993.5224609375
830,778.010009765625,-111.73187255859375,-184.18797302246094,-211.63148498535156,7993.5224609375
831,664.7566528320312,-149.72108459472656,-174.468994140625,-211.63148498535156,7993.5224609375
832,1277.511962890625,-110.22608184814453,-166.48687744140625,-211.63148498535156,7993.5224609375
833,0.8078697323799133,-126.85567474365234,-181.68252563476562,-211.63148498535156,7993.5224609375
834,74.17255401611328,-128.7293701171875,-159.48545837402344,-211.63148498535156,7993.5224609375
835,441.97784423828125,-127.21504974365234,-192.0415802001953,-211.63148498535156,7993.5224609375
836,-81.23396301269531,-141.42039489746094,-185.29478454589844,-211.63148498535156,7993.5224609375
837,-117.89079284667969,-123.1941146850586,-157.21066284179688,-211.63148498535156,7993.5224609375
838,5.966015815734863,-121.19396209716797,-185.3184814453125,-211.63148498535156,7993.5224609375
839,260.4847717285156,-100.16236877441406,-158.7699432373047,-211.63148498535156,7993.5224609375
840,1736.3994140625,70.8198013305664,-184.6737518310547,-211.63148498535156,7993.5224609375
841,422.38177490234375,-124.02385711669922,-159.0963897705078,-211.63148498535156,7993.5224609375
842,808.8448486328125,-78.1622085571289,-168.78387451171875,-211.63148498535156,7993.5224609375
843,808.0460815429688,98.42735290527344,-164.5932159423828,-211.63148498535156,7993.5224609375
844,520.8963012695312,-76.49215698242188,-167.36605834960938,-211.63148498535156,7993.5224609375
845,816.4464721679688,-100.52552795410156,-176.18031311035156,-211.63148498535156,7993.5224609375
846,368.59344482421875,-136.67135620117188,-160.5714874267578,-211.63148498535156,7993.5224609375
847,808.2918090820312,-57.35131072998047,-175.53604125976562,-211.63148498535156,7993.5224609375
848,71.0604476928711,-131.66436767578125,-189.44772338867188,-211.63148498535156,7993.5224609375
849,822.1915893554688,-108.69233703613281,-164.6446075439453,-211.63148498535156,7993.5224609375
850,1223.9627685546875,-132.41078186035156,-191.30162048339844,-211.63148498535156,7993.5224609375
851,902.19677734375,-130.00668334960938,-172.82009887695312,-211.63148498535156,7993.5224609375
852,735.6370849609375,-156.8337860107422,-179.17010498046875,-211.63148498535156,7993.5224609375
853,929.1017456054688,-153.62306213378906,-169.5030059814453,-211.63148498535156,7993.5224609375
854,2243.2421875,117.2145004272461,-178.06204223632812,-211.63148498535156,7993.5224609375
855,2137.031982421875,545.8436889648438,-188.22418212890625,-211.63148498535156,7993.5224609375
856,2225.55517578125,460.4862060546875,-217.86935424804688,-217.86935424804688,7993.5224609375
857,1427.169677734375,-113.31205749511719,-180.54873657226562,-217.86935424804688,7993.5224609375
858,2082.44580078125,-118.54110717773438,-180.68478393554688,-217.86935424804688,7993.5224609375
859,945.2095947265625,-136.12924194335938,-168.39454650878906,-217.86935424804688,7993.5224609375
860,1505.2034912109375,-66.32205200195312,-171.6725616455078,-217.86935424804688,7993.5224609375
861,1009.73779296875,-121.42249298095703,-166.30430603027344,-217.86935424804688,7993.5224609375
862,452.374267578125,-118.772705078125,-166.0918731689453,-217.86935424804688,7993.5224609375
863,2170.56787109375,938.093505859375,-183.0997314453125,-217.86935424804688,7993.5224609375
864,1114.667724609375,42.48196029663086,-158.2513885498047,-217.86935424804688,7993.5224609375
865,219.67117309570312,-116.00587463378906,-171.65542602539062,-217.86935424804688,7993.5224609375
866,455.8111267089844,-112.908447265625,-169.1005859375,-217.86935424804688,7993.5224609375
867,889.3362426757812,-117.37776947021484,-184.75537109375,-217.86935424804688,7993.5224609375
868,2357.537353515625,423.3099060058594,-170.42068481445312,-217.86935424804688,7993.5224609375
869,1933.985107421875,915.49267578125,-154.94442749023438,-217.86935424804688,7993.5224609375
870,1433.122802734375,64.0140151977539,-159.01783752441406,-217.86935424804688,7993.5224609375
871,1982.135498046875,-32.05989074707031,-156.64288330078125,-217.86935424804688,7993.5224609375
872,1528.1070556640625,-62.99919128417969,-167.15591430664062,-217.86935424804688,7993.5224609375
873,181.5867156982422,-134.04318237304688,-173.55487060546875,-217.86935424804688,7993.5224609375
874,2859.57080078125,2743.335205078125,-174.38079833984375,-217.86935424804688,7993.5224609375
875,1405.1163330078125,428.2618713378906,-150.79769897460938,-217.86935424804688,7993.5224609375
876,2548.164794921875,618.9368286132812,-162.72702026367188,-217.86935424804688,7993.5224609375
877,2962.0,1327.0926513671875,-164.52285766601562,-217.86935424804688,7993.5224609375
878,2368.29833984375,511.3863525390625,-144.71279907226562,-217.86935424804688,7993.5224609375
879,658.1668701171875,-40.84546661376953,-145.89431762695312,-217.86935424804688,7993.5224609375
880,976.6720581054688,-106.10143280029297,-176.70022583007812,-217.86935424804688,7993.5224609375
881,645.4371337890625,98.71306610107422,-181.91717529296875,-217.86935424804688,7993.5224609375
882,623.3283081054688,-119.75843811035156,-179.2541046142578,-217.86935424804688,7993.5224609375
883,1272.847900390625,-84.38551330566406,-184.61184692382812,-217.86935424804688,7993.5224609375
884,1900.7923583984375,394.7332763671875,-171.20376586914062,-217.86935424804688,7993.5224609375
885,642.6062622070312,-111.97172546386719,-168.62661743164062,-217.86935424804688,7993.5224609375
886,357.0373229980469,103.03041076660156,-151.35105895996094,-217.86935424804688,7993.5224609375
887,1137.037353515625,-98.06214141845703,-170.04598999023438,-217.86935424804688,7993.5224609375
888,191.4544677734375,-112.7076644897461,-148.07167053222656,-217.86935424804688,7993.5224609375
889,437.33074951171875,-123.7109603881836,-166.0254364013672,-217.86935424804688,7993.5224609375
890,-9.708531379699707,-121.06629943847656,-164.9918670654297,-217.86935424804688,7993.5224609375
891,933.7349853515625,-47.883201599121094,-162.70025634765625,-217.86935424804688,7993.5224609375
892,1294.665283203125,47.53783416748047,-176.1634521484375,-217.86935424804688,7993.5224609375
893,1979.0006103515625,-66.32337951660156,-153.71551513671875,-217.86935424804688,7993.5224609375
894,1262.1768798828125,-20.63700294494629,-172.36953735351562,-217.86935424804688,7993.5224609375
895,895.9747924804688,-96.525634765625,-154.6917724609375,-217.86935424804688,7993.5224609375
896,934.2689208984375,-116.31330871582031,-153.93927001953125,-217.86935424804688,7993.5224609375
897,1729.903076171875,-45.200416564941406,-211.06097412109375,-217.86935424804688,7993.5224609375
898,665.7186279296875,-74.49897766113281,-167.51528930664062,-217.86935424804688,7993.5224609375
899,1153.187255859375,-61.816505432128906,-166.25241088867188,-217.86935424804688,7993.5224609375
900,1632.4932861328125,977.7739868164062,-177.93099975585938,-217.86935424804688,7993.5224609375
901,1560.6676025390625,-57.325103759765625,-197.59237670898438,-217.86935424804688,7993.5224609375
902,2159.954833984375,538.383544921875,-150.27105712890625,-217.86935424804688,7993.5224609375
903,1318.2860107421875,56.44707107543945,-155.40499877929688,-217.86935424804688,7993.5224609375
904,921.5479736328125,-102.73530578613281,-179.76947021484375,-217.86935424804688,7993.5224609375
905,1330.3226318359375,-87.75575256347656,-148.0246124267578,-217.86935424804688,7993.5224609375
906,1312.3533935546875,30.421552658081055,-176.89810180664062,-217.86935424804688,7993.5224609375
907,532.3209838867188,-118.32914733886719,-160.6393280029297,-217.86935424804688,7993.5224609375
908,55.183837890625,-131.5373992919922,-173.977783203125,-217.86935424804688,7993.5224609375
909,241.7225799560547,-118.41461181640625,-185.97222900390625,-217.86935424804688,7993.5224609375
910,1855.565673828125,-7.166274070739746,-161.3911590576172,-217.86935424804688,7993.5224609375
911,601.2900390625,-123.81167602539062,-157.79644775390625,-217.86935424804688,7993.5224609375
912,2123.730224609375,-52.8734245300293,-190.02642822265625,-217.86935424804688,7993.5224609375
913,449.5682067871094,-115.53419494628906,-162.20675659179688,-217.86935424804688,7993.5224609375
914,2739.559814453125,19.980892181396484,-169.25137329101562,-217.86935424804688,7993.5224609375
915,1357.10009765625,2.3403329849243164,-162.69815063476562,-217.86935424804688,7993.5224609375
916,1334.806640625,-123.59671020507812,-179.60987854003906,-217.86935424804688,7993.5224609375
917,3183.17578125,868.564208984375,-156.0528106689453,-217.86935424804688,7993.5224609375
918,2222.400146484375,-99.94509887695312,-168.71957397460938,-217.86935424804688,7993.5224609375
919,1374.01708984375,-133.94241333007812,-191.62283325195312,-217.86935424804688,7993.5224609375
920,464.84014892578125,-25.694543838500977,-156.6464385986328,-217.86935424804688,7993.5224609375
921,453.11297607421875,-121.98924255371094,-153.3032684326172,-217.86935424804688,7993.5224609375
922,1533.6595458984375,4.287607192993164,-183.6920166015625,-217.86935424804688,7993.5224609375
923,2200.261474609375,-110.14592742919922,-165.40785217285156,-217.86935424804688,7993.5224609375
924,953.7158203125,-117.16216278076172,-166.13973999023438,-217.86935424804688,7993.5224609375
925,812.2786865234375,-75.91702270507812,-162.86695861816406,-217.86935424804688,7993.5224609375
926,452.3614807128906,-103.74585723876953,-180.64013671875,-217.86935424804688,7993.5224609375
927,720.5700073242188,-110.82295989990234,-153.70050048828125,-217.86935424804688,7993.5224609375
928,1008.5396728515625,-86.4384765625,-161.3251953125,-217.86935424804688,7993.5224609375
929,14.553306579589844,-129.2504119873047,-165.23899841308594,-217.86935424804688,7993.5224609375
930,788.0143432617188,-114.82140350341797,-171.69851684570312,-217.86935424804688,7993.5224609375
931,772.2847900390625,-131.0930938720703,-166.3540496826172,-217.86935424804688,7993.5224609375
932,856.5153198242188,-89.20463562011719,-183.31674194335938,-217.86935424804688,7993.5224609375
933,530.8063354492188,-121.5903549194336,-164.2900390625,-217.86935424804688,7993.5224609375
934,810.1326293945312,-108.3124008178711,-158.7472381591797,-217.86935424804688,7993.5224609375
935,1109.9139404296875,-117.03414916992188,-164.74368286132812,-217.86935424804688,7993.5224609375
936,1607.849365234375,298.39910888671875,-173.40574645996094,-217.86935424804688,7993.5224609375
937,1848.798583984375,104.45864868164062,-156.36412048339844,-217.86935424804688,7993.5224609375
938,741.1009521484375,-51.14039611816406,-175.77000427246094,-217.86935424804688,7993.5224609375
939,150.56088256835938,-112.82025146484375,-161.66436767578125,-217.86935424804688,7993.5224609375
940,1048.198974609375,-121.40013122558594,-165.76882934570312,-217.86935424804688,7994.34326171875
941,327.8863220214844,-134.47938537597656,-166.5873260498047,-217.86935424804688,7994.34326171875
942,844.1910400390625,-137.37503051757812,-177.18922424316406,-217.86935424804688,7994.34326171875
943,1602.466796875,9.092588424682617,-146.6558380126953,-217.86935424804688,7994.34326171875
944,774.7573852539062,-129.85284423828125,-184.94561767578125,-217.86935424804688,7994.34326171875
945,165.26637268066406,-122.7303695678711,-176.8847198486328,-217.86935424804688,7994.34326171875
946,469.96112060546875,-101.34181213378906,-190.40626525878906,-217.86935424804688,7994.34326171875
947,684.4373168945312,-128.3377685546875,-181.0553741455078,-217.86935424804688,7994.34326171875
948,1372.534912109375,-90.17900848388672,-160.03463745117188,-217.86935424804688,7994.34326171875
949,529.2152709960938,-139.98458862304688,-173.22747802734375,-217.86935424804688,7994.34326171875
950,244.52175903320312,-124.99553680419922,-175.47288513183594,-217.86935424804688,7994.34326171875
951,165.82498168945312,-145.10064697265625,-200.47015380859375,-217.86935424804688,7994.34326171875
952,1322.4234619140625,-118.1722183227539,-168.81094360351562,-217.86935424804688,7994.34326171875
953,409.24505615234375,-132.3253631591797,-190.0625762939453,-217.86935424804688,7994.34326171875
954,-44.08587646484375,-131.62518310546875,-170.89614868164062,-217.86935424804688,7994.34326171875
955,-46.877986907958984,-141.977783203125,-173.17559814453125,-217.86935424804688,7994.34326171875
956,-91.4839096069336,-136.65011596679688,-162.15634155273438,-217.86935424804688,7994.34326171875
957,1541.898681640625,-102.72835540771484,-181.41139221191406,-217.86935424804688,7994.34326171875
958,464.08087158203125,-135.0135955810547,-177.250244140625,-217.86935424804688,7994.34326171875
959,36.67573928833008,-140.53256225585938,-206.99229431152344,-217.86935424804688,7994.34326171875
960,1038.224853515625,-153.3325653076172,-174.60086059570312,-217.86935424804688,7994.34326171875
961,13.756901741027832,-145.12579345703125,-173.4943389892578,-217.86935424804688,7994.34326171875
962,346.95550537109375,-133.82461547851562,-163.94627380371094,-217.86935424804688,7994.34326171875
963,288.6241760253906,-148.1968536376953,-175.82147216796875,-217.86935424804688,7994.34326171875
964,1317.62939453125,-146.7159881591797,-160.98800659179688,-217.86935424804688,7994.34326171875
965,370.55670166015625,-130.98614501953125,-150.16452026367188,-217.86935424804688,7994.34326171875
966,-96.14457702636719,-144.65628051757812,-163.11233520507812,-217.86935424804688,7994.34326171875
967,-135.8463897705078,-141.7632293701172,-182.42880249023438,-217.86935424804688,7994.34326171875
968,3790.72119140625,3574.34814453125,-193.39111328125,-217.86935424804688,7994.34326171875
969,525.732177734375,-98.51698303222656,-189.89114379882812,-217.86935424804688,7994.34326171875
970,1168.7393798828125,0.11369895935058594,-152.5460662841797,-217.86935424804688,7994.34326171875
971,-84.98853302001953,-143.46975708007812,-164.88722229003906,-217.86935424804688,7994.34326171875
972,209.4564666748047,-149.02635192871094,-181.78237915039062,-217.86935424804688,7994.34326171875
973,587.3721313476562,-146.57443237304688,-162.69683837890625,-217.86935424804688,7994.34326171875
974,316.9081726074219,-129.64190673828125,-175.76446533203125,-217.86935424804688,7994.34326171875
975,357.180419921875,-143.2547607421875,-190.52520751953125,-217.86935424804688,7994.34326171875
976,2390.026611328125,58.19883728027344,-180.1568145751953,-217.86935424804688,7994.34326171875
977,1323.4195556640625,-122.06892395019531,-162.802734375,-217.86935424804688,7994.34326171875
978,434.93646240234375,-134.24063110351562,-173.98818969726562,-217.86935424804688,7994.34326171875
979,250.7186737060547,-152.9869384765625,-182.31446838378906,-217.86935424804688,7994.34326171875
980,309.7484130859375,-127.99940490722656,-157.0447998046875,-217.86935424804688,7994.34326171875
981,190.826416015625,-108.95205688476562,-172.36016845703125,-217.86935424804688,7994.34326171875
982,446.40838623046875,-137.7886199951172,-183.49827575683594,-217.86935424804688,7994.34326171875
983,-21.730655670166016,-138.49789428710938,-164.64633178710938,-217.86935424804688,7994.34326171875
984,231.85549926757812,-125.53578186035156,-185.61619567871094,-217.86935424804688,7994.34326171875
985,142.45701599121094,-92.11038970947266,-163.5962677001953,-217.86935424804688,7994.34326171875
986,331.91424560546875,-124.4742431640625,-187.5182647705078,-217.86935424804688,7994.34326171875
987,56.98286819458008,-130.37753295898438,-168.9951171875,-217.86935424804688,7994.34326171875
988,-42.49469757080078,-132.20558166503906,-172.90171813964844,-217.86935424804688,7994.34326171875
989,124.68241119384766,-115.99972534179688,-176.453857421875,-217.86935424804688,7994.34326171875
990,2216.32080078125,-57.75880432128906,-175.3462371826172,-217.86935424804688,7994.34326171875
991,859.9675903320312,-125.46769714355469,-162.16693115234375,-217.86935424804688,7994.34326171875
992,1625.249267578125,-124.7425765991211,-172.84011840820312,-217.86935424804688,7994.34326171875
993,1000.0640869140625,81.56658935546875,-177.43310546875,-217.86935424804688,7994.34326171875
994,870.0277099609375,-133.9295654296875,-165.70974731445312,-217.86935424804688,7994.34326171875
995,909.2098388671875,38.0025520324707,-178.7453155517578,-217.86935424804688,7994.34326171875
996,1185.19921875,-17.80829620361328,-185.3844757080078,-217.86935424804688,7994.34326171875
997,484.11297607421875,-148.00527954101562,-178.9910888671875,-217.86935424804688,7994.34326171875
998,420.29315185546875,-117.28058624267578,-193.9136505126953,-217.86935424804688,7994.34326171875
999,789.1886596679688,-139.66258239746094,-181.93418884277344,-217.86935424804688,7994.34326171875
1000,1347.655517578125,-102.10475158691406,-169.40634155273438,-217.86935424804688,7994.34326171875
