iter,mean_eval,pop_best_eval,median_eval,best_eval,worst_eval
1,964448.25,8591.0966796875,14109.04296875,8591.0966796875,41951528.0
2,21028.626953125,7852.19482421875,12435.3701171875,7852.19482421875,41951528.0
3,26374.16796875,7837.49951171875,12567.1279296875,7837.49951171875,41951528.0
4,163211.046875,8230.1689453125,12832.083984375,7837.49951171875,41951528.0
5,50691.4453125,8650.8857421875,12909.3369140625,7837.49951171875,41951528.0
6,61054.02734375,9133.2509765625,12551.9091796875,7837.49951171875,41951528.0
7,32034.166015625,8056.57470703125,12300.1591796875,7837.49951171875,41951528.0
8,24944.640625,8584.330078125,12741.9208984375,7837.49951171875,41951528.0
9,21705.44140625,8101.56591796875,13178.1201171875,7837.49951171875,41951528.0
10,24335.333984375,6682.716796875,12998.08984375,6682.716796875,41951528.0
11,39077.46875,8621.0322265625,13628.609375,6682.716796875,41951528.0
12,67634.75,8751.1103515625,12836.474609375,6682.716796875,41951528.0
13,18907.0390625,7656.515625,12291.115234375,6682.716796875,41951528.0
14,25954.73046875,8392.515625,12575.03515625,6682.716796875,41951528.0
15,23043.7109375,6350.0146484375,12483.75390625,6350.0146484375,41951528.0
16,60017.8125,7684.63427734375,12872.87109375,6350.0146484375,41951528.0
17,26515.02734375,9107.01171875,12085.19140625,6350.0146484375,41951528.0
18,15307.7958984375,7475.4716796875,12644.9873046875,6350.0146484375,41951528.0
19,63215.984375,8590.0634765625,13032.744140625,6350.0146484375,41951528.0
20,45106.1796875,8801.2001953125,12486.8251953125,6350.0146484375,41951528.0
21,104993.1015625,7975.14990234375,13208.6064453125,6350.0146484375,41951528.0
22,85943.5625,8423.548828125,12838.6337890625,6350.0146484375,41951528.0
23,94334.828125,7601.39697265625,13102.4404296875,6350.0146484375,41951528.0
24,17093.341796875,7069.87646484375,11443.9345703125,6350.0146484375,41951528.0
25,13787.9638671875,8767.8291015625,13148.8046875,6350.0146484375,41951528.0
26,23425.146484375,8196.0419921875,12329.61328125,6350.0146484375,41951528.0
27,14382.537109375,7175.55712890625,11971.943359375,6350.0146484375,41951528.0
28,14697.244140625,9658.013671875,12780.8193359375,6350.0146484375,41951528.0
29,30669.94921875,6786.1044921875,12996.734375,6350.0146484375,41951528.0
30,14353.7255859375,8259.150390625,12263.287109375,6350.0146484375,41951528.0
31,36894.46875,8262.0283203125,13219.78515625,6350.0146484375,41951528.0
32,12856.732421875,7784.26904296875,12118.66796875,6350.0146484375,41951528.0
33,13927.873046875,8578.6796875,12041.064453125,6350.0146484375,41951528.0
34,27739.55859375,7108.6630859375,12696.8798828125,6350.0146484375,41951528.0
35,46575.30078125,8726.076171875,12076.4482421875,6350.0146484375,41951528.0
36,29569.72265625,8255.29296875,11745.23828125,6350.0146484375,41951528.0
37,109361.0703125,9214.943359375,12933.3544921875,6350.0146484375,41951528.0
38,22961.412109375,8103.34130859375,12298.16015625,6350.0146484375,41951528.0
39,16064.8896484375,7620.943359375,12160.0205078125,6350.0146484375,41951528.0
40,35257.125,8413.0947265625,12887.0751953125,6350.0146484375,41951528.0
41,20596.671875,8428.7958984375,12923.8017578125,6350.0146484375,41951528.0
42,26220.470703125,8059.966796875,12904.8642578125,6350.0146484375,41951528.0
43,12695.5771484375,9035.34765625,12111.107421875,6350.0146484375,41951528.0
44,52050.25390625,8330.00390625,12726.6123046875,6350.0146484375,41951528.0
45,39438.59375,8136.6826171875,11927.990234375,6350.0146484375,41951528.0
46,69304.3359375,8225.50390625,12996.2119140625,6350.0146484375,41951528.0
47,27074.849609375,8454.2333984375,12361.7314453125,6350.0146484375,41951528.0
48,19156.890625,7585.2783203125,11933.9638671875,6350.0146484375,41951528.0
49,28048.9765625,7603.8505859375,12790.666015625,6350.0146484375,41951528.0
50,32796.875,8238.447265625,12139.2568359375,6350.0146484375,41951528.0
51,15868.900390625,6635.48193359375,12090.333984375,6350.0146484375,41951528.0
52,16718.431640625,8035.4853515625,12352.494140625,6350.0146484375,41951528.0
53,18916.8671875,7280.09716796875,11726.9599609375,6350.0146484375,41951528.0
54,19496.40625,7986.9677734375,12614.767578125,6350.0146484375,41951528.0
55,31434.869140625,6633.20703125,12109.4375,6350.0146484375,41951528.0
56,25864.90625,6076.45556640625,11653.0419921875,6076.45556640625,41951528.0
57,13424.83984375,8183.5166015625,11789.1669921875,6076.45556640625,41951528.0
58,128798.234375,8358.21484375,12813.3779296875,6076.45556640625,41951528.0
59,58814.859375,7844.560546875,12834.03515625,6076.45556640625,41951528.0
60,28620.533203125,8654.390625,12176.0673828125,6076.45556640625,41951528.0
61,16043.1396484375,8827.2587890625,12070.1591796875,6076.45556640625,41951528.0
62,37342.72265625,7783.81005859375,11927.4814453125,6076.45556640625,41951528.0
63,25060.708984375,8732.6650390625,11897.5263671875,6076.45556640625,41951528.0
64,20880.119140625,8478.82421875,12695.740234375,6076.45556640625,41951528.0
65,28231.94921875,6816.2783203125,12245.611328125,6076.45556640625,41951528.0
66,25456.568359375,8211.041015625,12656.65234375,6076.45556640625,41951528.0
67,37149.55859375,7400.080078125,12703.0556640625,6076.45556640625,41951528.0
68,19060.251953125,8580.107421875,11654.8720703125,6076.45556640625,41951528.0
69,24347.63671875,6859.3056640625,12292.96875,6076.45556640625,41951528.0
70,28650.4375,8132.2646484375,12541.677734375,6076.45556640625,41951528.0
71,39117.953125,7720.52734375,12216.04296875,6076.45556640625,41951528.0
72,20607.96484375,8078.34814453125,12055.2470703125,6076.45556640625,41951528.0
73,27913.943359375,8511.3427734375,12956.2177734375,6076.45556640625,41951528.0
74,12910.51953125,6099.03564453125,11692.0751953125,6076.45556640625,41951528.0
75,17656.638671875,7140.90283203125,12366.29296875,6076.45556640625,41951528.0
76,37734.1015625,9140.08203125,12320.5791015625,6076.45556640625,41951528.0
77,22668.40625,6594.7802734375,12302.541015625,6076.45556640625,41951528.0
78,20821.15625,9373.173828125,12823.396484375,6076.45556640625,41951528.0
79,23435.79296875,8378.732421875,11959.6103515625,6076.45556640625,41951528.0
80,32125.765625,8837.349609375,12295.939453125,6076.45556640625,41951528.0
81,82718.0390625,8399.224609375,12763.7197265625,6076.45556640625,41951528.0
82,16108.38671875,7733.90966796875,11802.580078125,6076.45556640625,41951528.0
83,34552.6953125,8070.06884765625,12709.58203125,6076.45556640625,41951528.0
84,28332.2578125,8306.92578125,12863.59765625,6076.45556640625,41951528.0
85,21857.216796875,8580.1884765625,12824.1953125,6076.45556640625,41951528.0
86,30342.23046875,7333.30908203125,13117.9609375,6076.45556640625,41951528.0
87,57407.53515625,8462.44140625,11758.138671875,6076.45556640625,41951528.0
88,28965.0859375,8709.0810546875,12763.919921875,6076.45556640625,41951528.0
89,53980.1796875,7961.9853515625,13104.2138671875,6076.45556640625,41951528.0
90,21515.166015625,7383.27685546875,11519.1123046875,6076.45556640625,41951528.0
91,16778.162109375,6645.85302734375,11359.255859375,6076.45556640625,41951528.0
92,16976.416015625,7676.796875,12376.482421875,6076.45556640625,41951528.0
93,26363.703125,7673.62548828125,12320.6171875,6076.45556640625,41951528.0
94,27082.908203125,8310.7568359375,12431.419921875,6076.45556640625,41951528.0
95,14514.423828125,8241.8466796875,12230.263671875,6076.45556640625,41951528.0
96,50819.8046875,7569.97314453125,12238.3310546875,6076.45556640625,41951528.0
97,27153.009765625,8000.73095703125,12361.37109375,6076.45556640625,41951528.0
98,33014.61328125,7931.59912109375,11996.23828125,6076.45556640625,41951528.0
99,32750.689453125,6180.36669921875,12438.76171875,6076.45556640625,41951528.0
100,19172.703125,8306.2451171875,12779.890625,6076.45556640625,41951528.0
101,35920.62890625,8427.869140625,13006.6572265625,6076.45556640625,41951528.0
102,57198.75,8479.8955078125,12914.013671875,6076.45556640625,41951528.0
103,87150.375,8816.22265625,12053.0927734375,6076.45556640625,41951528.0
104,63917.12109375,8461.275390625,12695.5068359375,6076.45556640625,41951528.0
105,12930.923828125,7546.06005859375,11658.392578125,6076.45556640625,41951528.0
106,35034.4765625,7546.24853515625,12521.51953125,6076.45556640625,41951528.0
107,31120.30859375,7597.7822265625,12809.7275390625,6076.45556640625,41951528.0
108,48891.53125,8129.06201171875,12378.287109375,6076.45556640625,41951528.0
109,28394.255859375,7659.39501953125,11989.796875,6076.45556640625,41951528.0
110,29709.638671875,6952.1943359375,12298.0654296875,6076.45556640625,41951528.0
111,25065.763671875,8509.013671875,12031.1015625,6076.45556640625,41951528.0
112,43189.4296875,8278.2509765625,12416.63671875,6076.45556640625,41951528.0
113,29926.333984375,7943.82275390625,12685.1982421875,6076.45556640625,41951528.0
114,20013.08984375,6532.29736328125,11573.6806640625,6076.45556640625,41951528.0
115,23507.583984375,7879.6171875,12373.703125,6076.45556640625,41951528.0
116,26197.375,8078.7939453125,12281.357421875,6076.45556640625,41951528.0
117,36988.7421875,9001.6298828125,12412.63671875,6076.45556640625,41951528.0
118,55384.34375,8204.9638671875,12773.1953125,6076.45556640625,41951528.0
119,17600.9296875,8384.2529296875,12272.330078125,6076.45556640625,41951528.0
120,23322.529296875,8616.6357421875,12250.4990234375,6076.45556640625,41951528.0
121,78218.234375,7854.513671875,12745.923828125,6076.45556640625,41951528.0
122,37337.94140625,6449.3515625,12357.890625,6076.45556640625,41951528.0
123,23871.013671875,8032.169921875,12128.8623046875,6076.45556640625,41951528.0
124,40784.09375,8289.7724609375,12554.4384765625,6076.45556640625,41951528.0
125,15480.0859375,7678.2841796875,12105.7880859375,6076.45556640625,41951528.0
126,30569.4296875,8731.041015625,13057.109375,6076.45556640625,41951528.0
127,16692.44140625,7803.1572265625,12034.2353515625,6076.45556640625,41951528.0
128,29612.0234375,7270.2646484375,11850.9755859375,6076.45556640625,41951528.0
129,18673.17578125,7240.45458984375,12391.34765625,6076.45556640625,41951528.0
130,20739.537109375,7321.458984375,12076.171875,6076.45556640625,41951528.0
131,92355.984375,7813.3447265625,12258.9365234375,6076.45556640625,41951528.0
132,24332.5703125,9093.986328125,12321.8857421875,6076.45556640625,41951528.0
133,14761.3466796875,7083.8291015625,12113.9990234375,6076.45556640625,41951528.0
134,39452.7265625,7690.55810546875,12259.6875,6076.45556640625,41951528.0
135,25556.0546875,8086.29541015625,11812.3662109375,6076.45556640625,41951528.0
136,34032.859375,7527.81640625,12409.8935546875,6076.45556640625,41951528.0
137,14323.4208984375,8695.4130859375,11986.705078125,6076.45556640625,41951528.0
138,13617.9794921875,7585.5478515625,11276.3994140625,6076.45556640625,41951528.0
139,20881.04296875,8324.2568359375,12292.384765625,6076.45556640625,41951528.0
140,21454.654296875,8412.455078125,12388.70703125,6076.45556640625,41951528.0
141,16243.18359375,7260.07470703125,11998.1982421875,6076.45556640625,41951528.0
142,12880.9189453125,7514.2158203125,12374.978515625,6076.45556640625,41951528.0
143,23833.80859375,8031.91015625,12387.474609375,6076.45556640625,41951528.0
144,39345.30859375,8953.015625,12727.0732421875,6076.45556640625,41951528.0
145,32697.86328125,8540.734375,12150.5869140625,6076.45556640625,41951528.0
146,18579.8515625,7840.126953125,12466.23046875,6076.45556640625,41951528.0
147,13425.333984375,8130.0263671875,12343.244140625,6076.45556640625,41951528.0
148,46826.890625,7005.49658203125,12150.2109375,6076.45556640625,41951528.0
149,65018.31640625,7874.29736328125,12994.9013671875,6076.45556640625,41951528.0
150,26348.185546875,8419.546875,12241.578125,6076.45556640625,41951528.0
151,18378.69921875,7260.97509765625,11979.9453125,6076.45556640625,41951528.0
152,24843.65234375,7162.79248046875,12122.3310546875,6076.45556640625,41951528.0
153,22194.7578125,8022.0517578125,12482.166015625,6076.45556640625,41951528.0
154,19344.212890625,5921.4365234375,11765.5068359375,5921.4365234375,41951528.0
155,37714.0703125,7407.3154296875,12653.8251953125,5921.4365234375,41951528.0
156,12532.8828125,6785.96484375,12169.1328125,5921.4365234375,41951528.0
157,13792.1259765625,7199.14501953125,12101.99609375,5921.4365234375,41951528.0
158,13972.0625,7565.4677734375,12224.7822265625,5921.4365234375,41951528.0
159,13908.02734375,8204.921875,11888.78515625,5921.4365234375,41951528.0
160,23869.052734375,8052.80078125,12229.7431640625,5921.4365234375,41951528.0
161,25375.138671875,8579.75,11828.380859375,5921.4365234375,41951528.0
162,23491.73828125,7954.31640625,11995.46875,5921.4365234375,41951528.0
163,23357.318359375,7775.849609375,12795.6904296875,5921.4365234375,41951528.0
164,12056.828125,6932.49755859375,12152.6171875,5921.4365234375,41951528.0
165,18087.57421875,8050.97607421875,12549.115234375,5921.4365234375,41951528.0
166,26423.794921875,7630.787109375,11995.48046875,5921.4365234375,41951528.0
167,29043.6796875,8103.6572265625,12970.34375,5921.4365234375,41951528.0
168,117090.0234375,7349.49072265625,12320.59375,5921.4365234375,41951528.0
169,18201.2734375,8050.7021484375,12198.30078125,5921.4365234375,41951528.0
170,26089.62109375,6728.96533203125,12137.671875,5921.4365234375,41951528.0
171,31074.03515625,6763.46240234375,11879.5908203125,5921.4365234375,41951528.0
172,46295.7421875,7090.03466796875,12528.3662109375,5921.4365234375,41951528.0
173,27929.966796875,8269.9443359375,12245.009765625,5921.4365234375,41951528.0
174,14885.845703125,8210.08203125,12617.8935546875,5921.4365234375,41951528.0
175,24874.658203125,7094.732421875,11220.5947265625,5921.4365234375,41951528.0
176,15568.0849609375,6724.27099609375,11979.2412109375,5921.4365234375,41951528.0
177,15483.84765625,7120.431640625,12665.6552734375,5921.4365234375,41951528.0
178,18808.51171875,7261.9404296875,11825.0048828125,5921.4365234375,41951528.0
179,20514.6953125,8248.1181640625,12397.11328125,5921.4365234375,41951528.0
180,31802.66796875,8882.337890625,11983.408203125,5921.4365234375,41951528.0
181,28050.33984375,6975.4453125,12053.1357421875,5921.4365234375,41951528.0
182,15044.2685546875,6828.47412109375,11871.8388671875,5921.4365234375,41951528.0
183,31533.701171875,6116.74609375,11962.8134765625,5921.4365234375,41951528.0
184,16010.2607421875,6611.3115234375,11799.3828125,5921.4365234375,41951528.0
185,152532.9375,7286.66845703125,12261.650390625,5921.4365234375,41951528.0
186,20407.03515625,7240.09326171875,11879.69921875,5921.4365234375,41951528.0
187,15582.8798828125,8377.205078125,11718.49609375,5921.4365234375,41951528.0
188,71187.2734375,7292.2880859375,12309.9794921875,5921.4365234375,41951528.0
189,16028.9267578125,7269.046875,11958.2802734375,5921.4365234375,41951528.0
190,13681.5830078125,8284.099609375,11680.123046875,5921.4365234375,41951528.0
191,37102.5234375,7628.03173828125,12263.5205078125,5921.4365234375,41951528.0
192,13659.5048828125,7951.67431640625,11461.3388671875,5921.4365234375,41951528.0
193,37138.98046875,5841.400390625,11543.978515625,5841.400390625,41951528.0
194,29408.591796875,7157.38623046875,13237.3232421875,5841.400390625,41951528.0
195,27734.70703125,8522.6044921875,12919.6416015625,5841.400390625,41951528.0
196,26411.982421875,7441.6064453125,11644.52734375,5841.400390625,41951528.0
197,43818.49609375,7877.31787109375,11760.0009765625,5841.400390625,41951528.0
198,19962.76171875,7562.87841796875,11667.0859375,5841.400390625,41951528.0
199,33779.62109375,7220.51318359375,11847.1240234375,5841.400390625,41951528.0
200,19665.54296875,7733.79541015625,11280.37890625,5841.400390625,41951528.0
201,59206.4609375,7773.6806640625,12579.5166015625,5841.400390625,41951528.0
202,29262.201171875,8687.3388671875,12074.0888671875,5841.400390625,41951528.0
203,21507.3203125,7730.419921875,12928.18359375,5841.400390625,41951528.0
204,41830.76171875,7604.49755859375,12064.5390625,5841.400390625,41951528.0
205,49687.86328125,7260.04931640625,11789.435546875,5841.400390625,41951528.0
206,21208.67578125,8351.9970703125,12254.662109375,5841.400390625,41951528.0
207,19601.48046875,7451.18798828125,11450.5400390625,5841.400390625,41951528.0
208,21715.93359375,7715.42236328125,12163.4208984375,5841.400390625,41951528.0
209,15832.7138671875,5855.81103515625,12227.7001953125,5841.400390625,41951528.0
210,22820.482421875,8019.39599609375,11362.55078125,5841.400390625,41951528.0
211,26930.10546875,6472.81591796875,11740.037109375,5841.400390625,41951528.0
212,29705.50390625,8572.833984375,12151.9501953125,5841.400390625,41951528.0
213,12197.3203125,7796.80908203125,11497.8369140625,5841.400390625,41951528.0
214,29333.267578125,7317.79736328125,11900.6259765625,5841.400390625,41951528.0
215,23407.0390625,5604.865234375,12129.4638671875,5604.865234375,41951528.0
216,32575.9609375,4387.115234375,11832.189453125,4387.115234375,41951528.0
217,83667.9765625,7061.875,12368.552734375,4387.115234375,41951528.0
218,21862.80859375,5145.626953125,11494.3134765625,4387.115234375,41951528.0
219,16889.15625,6990.0888671875,11336.9189453125,4387.115234375,41951528.0
220,16707.03515625,7442.79541015625,11791.900390625,4387.115234375,41951528.0
221,46334.546875,7542.17041015625,12254.9580078125,4387.115234375,41951528.0
222,12663.365234375,6434.1318359375,11880.5634765625,4387.115234375,41951528.0
223,15673.517578125,5468.85107421875,12054.396484375,4387.115234375,41951528.0
224,28284.73828125,8201.529296875,11688.5390625,4387.115234375,41951528.0
225,18562.005859375,6615.49609375,12233.7958984375,4387.115234375,41951528.0
226,21154.4453125,8326.837890625,11675.611328125,4387.115234375,41951528.0
227,15336.1015625,8098.9482421875,11978.0546875,4387.115234375,41951528.0
228,11755.2880859375,7262.76513671875,11382.5595703125,4387.115234375,41951528.0
229,16353.875,6981.0263671875,11665.734375,4387.115234375,41951528.0
230,14713.169921875,7423.1845703125,11854.6357421875,4387.115234375,41951528.0
231,18401.5703125,6418.025390625,11480.044921875,4387.115234375,41951528.0
232,13846.0537109375,6745.25146484375,11958.8134765625,4387.115234375,41951528.0
233,11248.490234375,6403.94189453125,11118.0771484375,4387.115234375,41951528.0
234,13113.224609375,6706.8056640625,11089.6396484375,4387.115234375,41951528.0
235,12477.3466796875,7281.9716796875,12336.12890625,4387.115234375,41951528.0
236,14808.9892578125,6843.4892578125,12142.796875,4387.115234375,41951528.0
237,17294.859375,7518.06103515625,11657.91796875,4387.115234375,41951528.0
238,12387.123046875,6916.4296875,11996.37890625,4387.115234375,41951528.0
239,19749.705078125,7371.36669921875,12206.181640625,4387.115234375,41951528.0
240,17669.712890625,7310.19384765625,11430.115234375,4387.115234375,41951528.0
241,15231.3857421875,8564.509765625,11720.392578125,4387.115234375,41951528.0
242,21391.69921875,7412.494140625,12401.4853515625,4387.115234375,41951528.0
243,26799.375,7652.4912109375,11780.16796875,4387.115234375,41951528.0
244,12331.8232421875,7311.169921875,11746.728515625,4387.115234375,41951528.0
245,18859.4921875,8834.1787109375,12152.373046875,4387.115234375,41951528.0
246,31399.2265625,6916.4462890625,12547.8857421875,4387.115234375,41951528.0
247,17356.15625,7901.72509765625,11647.490234375,4387.115234375,41951528.0
248,17139.478515625,6419.33251953125,11665.4375,4387.115234375,41951528.0
249,24327.931640625,7646.13623046875,11294.568359375,4387.115234375,41951528.0
250,18694.755859375,7319.93798828125,11631.810546875,4387.115234375,41951528.0
251,19483.9453125,7639.7666015625,12143.1015625,4387.115234375,41951528.0
252,43121.7734375,7780.3212890625,11613.35546875,4387.115234375,41951528.0
253,25180.0546875,7588.36181640625,11385.111328125,4387.115234375,41951528.0
254,14688.8466796875,6717.267578125,11161.046875,4387.115234375,41951528.0
255,17954.46875,7978.1318359375,11590.9072265625,4387.115234375,41951528.0
256,39289.64453125,6458.96533203125,11080.615234375,4387.115234375,41951528.0
257,12436.2880859375,6915.818359375,11230.44921875,4387.115234375,41951528.0
258,12407.419921875,7243.48046875,11390.0302734375,4387.115234375,41951528.0
259,62410.76953125,6633.6904296875,11846.0576171875,4387.115234375,41951528.0
260,29505.046875,5603.48583984375,11492.8916015625,4387.115234375,41951528.0
261,28803.791015625,7639.533203125,12385.6220703125,4387.115234375,41951528.0
262,16994.27734375,7813.16064453125,11563.724609375,4387.115234375,41951528.0
263,13024.8349609375,6536.71923828125,11753.638671875,4387.115234375,41951528.0
264,35609.2109375,7892.96240234375,11954.7890625,4387.115234375,41951528.0
265,25694.71875,7240.265625,11418.19140625,4387.115234375,41951528.0
266,10589.4228515625,6022.29443359375,10747.90234375,4387.115234375,41951528.0
267,19722.8515625,7643.0048828125,11612.5791015625,4387.115234375,41951528.0
268,13594.138671875,6507.83935546875,11727.0869140625,4387.115234375,41951528.0
269,18764.5625,6975.5458984375,12270.8837890625,4387.115234375,41951528.0
270,17241.947265625,7661.44384765625,11145.275390625,4387.115234375,41951528.0
271,14405.228515625,6951.5244140625,11860.21484375,4387.115234375,41951528.0
272,36111.6171875,8569.12890625,11755.134765625,4387.115234375,41951528.0
273,13596.0205078125,8696.9140625,11820.0205078125,4387.115234375,41951528.0
274,12587.7001953125,7193.75048828125,11213.796875,4387.115234375,41951528.0
275,18803.662109375,6530.814453125,12158.0322265625,4387.115234375,41951528.0
276,12276.46875,7314.2626953125,11899.2138671875,4387.115234375,41951528.0
277,22766.009765625,6593.97119140625,11668.1083984375,4387.115234375,41951528.0
278,15142.5400390625,7515.62158203125,11525.857421875,4387.115234375,41951528.0
279,12788.23828125,7593.4423828125,10914.6728515625,4387.115234375,41951528.0
280,11956.91796875,6718.82275390625,11153.9296875,4387.115234375,41951528.0
281,13968.5693359375,7806.05419921875,12320.771484375,4387.115234375,41951528.0
282,12349.5078125,7138.51611328125,11649.232421875,4387.115234375,41951528.0
283,26149.14453125,6276.17333984375,11896.9765625,4387.115234375,41951528.0
284,23613.240234375,4700.3720703125,11866.2412109375,4387.115234375,41951528.0
285,11560.03125,7534.9765625,11313.63671875,4387.115234375,41951528.0
286,17344.984375,7022.91455078125,11532.318359375,4387.115234375,41951528.0
287,11715.05859375,7215.541015625,11899.94140625,4387.115234375,41951528.0
288,48047.4296875,7803.6171875,11381.8515625,4387.115234375,41951528.0
289,23936.3515625,8372.544921875,12312.5859375,4387.115234375,41951528.0
290,56895.34375,8420.0234375,12180.630859375,4387.115234375,41951528.0
291,26157.611328125,6863.8427734375,12343.3251953125,4387.115234375,41951528.0
292,52023.73828125,7160.1337890625,11844.416015625,4387.115234375,41951528.0
293,13972.9609375,6810.3427734375,11031.279296875,4387.115234375,41951528.0
294,17627.7734375,7098.5576171875,11008.07421875,4387.115234375,41951528.0
295,13555.412109375,7248.798828125,12151.7353515625,4387.115234375,41951528.0
296,12531.345703125,7997.51220703125,11627.6884765625,4387.115234375,41951528.0
297,39220.46875,7950.67822265625,12342.8916015625,4387.115234375,41951528.0
298,19330.3203125,6114.06298828125,11268.3427734375,4387.115234375,41951528.0
299,26803.103515625,8843.150390625,12540.123046875,4387.115234375,41951528.0
300,24654.041015625,6914.39404296875,11319.564453125,4387.115234375,41951528.0
301,14368.6884765625,7190.69287109375,11355.7255859375,4387.115234375,41951528.0
302,15063.4990234375,8779.908203125,11948.9140625,4387.115234375,41951528.0
303,13106.4501953125,8161.630859375,11572.646484375,4387.115234375,41951528.0
304,12111.916015625,6311.78759765625,11181.123046875,4387.115234375,41951528.0
305,24221.84765625,7740.9541015625,12027.1640625,4387.115234375,41951528.0
306,11966.0625,7204.15625,11752.3232421875,4387.115234375,41951528.0
307,11591.7568359375,6660.2724609375,11436.865234375,4387.115234375,41951528.0
308,12362.033203125,7052.6728515625,11586.5625,4387.115234375,41951528.0
309,11608.875,8290.2841796875,11167.3515625,4387.115234375,41951528.0
310,20284.578125,8112.11767578125,11745.091796875,4387.115234375,41951528.0
311,16850.712890625,7931.44287109375,12182.150390625,4387.115234375,41951528.0
312,11876.6689453125,7092.0,11230.0576171875,4387.115234375,41951528.0
313,23314.65625,6330.22119140625,10918.458984375,4387.115234375,41951528.0
314,26721.59765625,6265.6298828125,11626.7470703125,4387.115234375,41951528.0
315,15507.880859375,7466.85205078125,11323.2939453125,4387.115234375,41951528.0
316,14848.126953125,7075.873046875,11126.986328125,4387.115234375,41951528.0
317,34322.98828125,6827.01318359375,11937.5908203125,4387.115234375,41951528.0
318,14613.763671875,7699.83984375,11340.82421875,4387.115234375,41951528.0
319,18049.03515625,6866.85302734375,12506.4228515625,4387.115234375,41951528.0
320,16894.04296875,7158.0205078125,11754.30859375,4387.115234375,41951528.0
321,13576.109375,7411.0263671875,12027.912109375,4387.115234375,41951528.0
322,13000.984375,5463.876953125,11657.4697265625,4387.115234375,41951528.0
323,12420.546875,7084.39111328125,11896.3330078125,4387.115234375,41951528.0
324,11331.513671875,7313.12939453125,11216.392578125,4387.115234375,41951528.0
325,12108.1181640625,7459.1201171875,11898.712890625,4387.115234375,41951528.0
326,14882.4501953125,6126.470703125,12131.7119140625,4387.115234375,41951528.0
327,11771.3837890625,7759.93359375,11480.4384765625,4387.115234375,41951528.0
328,11481.9306640625,7924.5703125,11720.732421875,4387.115234375,41951528.0
329,18910.2578125,7445.869140625,12014.806640625,4387.115234375,41951528.0
330,16482.38671875,7366.85400390625,11527.833984375,4387.115234375,41951528.0
331,17169.146484375,7965.83251953125,11406.33203125,4387.115234375,41951528.0
332,12341.521484375,7913.42626953125,11493.7666015625,4387.115234375,41951528.0
333,11548.3564453125,7423.80322265625,11033.556640625,4387.115234375,41951528.0
334,15413.17578125,7551.380859375,11430.7373046875,4387.115234375,41951528.0
335,12306.396484375,7700.15234375,11593.3369140625,4387.115234375,41951528.0
336,24358.34765625,8113.271484375,12192.6103515625,4387.115234375,41951528.0
337,24180.46875,7312.37646484375,11627.138671875,4387.115234375,41951528.0
338,22865.18359375,8422.3603515625,11703.7587890625,4387.115234375,41951528.0
339,40256.70703125,8113.03125,12139.7041015625,4387.115234375,41951528.0
340,20389.96875,7084.4833984375,11163.0439453125,4387.115234375,41951528.0
341,31201.40234375,6051.35888671875,11054.736328125,4387.115234375,41951528.0
342,14284.166015625,7862.27392578125,11342.5703125,4387.115234375,41951528.0
343,39709.92578125,7850.34423828125,12013.98046875,4387.115234375,41951528.0
344,33420.46875,6763.759765625,11629.8203125,4387.115234375,41951528.0
345,21273.6484375,6172.15625,11892.1513671875,4387.115234375,41951528.0
346,21072.990234375,6820.31298828125,11487.8955078125,4387.115234375,41951528.0
347,48254.26171875,8394.0712890625,11798.9619140625,4387.115234375,41951528.0
348,16212.96484375,8156.787109375,11789.7109375,4387.115234375,41951528.0
349,13646.1513671875,7893.72314453125,11570.501953125,4387.115234375,41951528.0
350,43905.67578125,7027.3857421875,12053.0126953125,4387.115234375,41951528.0
351,20380.65625,8432.5537109375,12447.232421875,4387.115234375,41951528.0
352,27028.9609375,7199.86572265625,11816.83984375,4387.115234375,41951528.0
353,25972.68359375,5094.26171875,12541.265625,4387.115234375,41951528.0
354,28750.8046875,6180.00390625,11816.8466796875,4387.115234375,41951528.0
355,13811.0087890625,6540.95947265625,10888.458984375,4387.115234375,41951528.0
356,12237.130859375,8093.8203125,10841.435546875,4387.115234375,41951528.0
357,21105.8359375,7145.88330078125,11530.791015625,4387.115234375,41951528.0
358,14554.1015625,7282.5546875,11942.626953125,4387.115234375,41951528.0
359,13877.669921875,6336.908203125,11724.9306640625,4387.115234375,41951528.0
360,14342.78125,7517.77587890625,11302.01171875,4387.115234375,41951528.0
361,32163.31640625,7474.984375,11633.30859375,4387.115234375,41951528.0
362,26272.30859375,6629.00927734375,11481.7099609375,4387.115234375,41951528.0
363,12064.388671875,6499.05810546875,11719.8359375,4387.115234375,41951528.0
364,11330.677734375,6352.04443359375,11052.0029296875,4387.115234375,41951528.0
365,13472.3134765625,7180.64697265625,11105.9912109375,4387.115234375,41951528.0
366,12543.4873046875,7091.24609375,12332.14453125,4387.115234375,41951528.0
367,16174.4208984375,6410.74609375,11675.138671875,4387.115234375,41951528.0
368,14608.9365234375,6976.8955078125,11131.9326171875,4387.115234375,41951528.0
369,11863.529296875,7712.3994140625,10924.146484375,4387.115234375,41951528.0
370,11513.033203125,7436.8203125,11437.56640625,4387.115234375,41951528.0
371,14409.6845703125,7378.27685546875,11711.8681640625,4387.115234375,41951528.0
372,21214.26953125,6274.5517578125,11260.884765625,4387.115234375,41951528.0
373,11481.87890625,7712.333984375,11467.953125,4387.115234375,41951528.0
374,12520.30078125,6375.18310546875,10841.48046875,4387.115234375,41951528.0
375,15202.548828125,6971.3994140625,11374.38671875,4387.115234375,41951528.0
376,13966.7373046875,6743.75634765625,11586.90625,4387.115234375,41951528.0
377,21913.7421875,7192.85888671875,12072.2021484375,4387.115234375,41951528.0
378,12213.513671875,7847.7744140625,11668.921875,4387.115234375,41951528.0
379,11555.30078125,6762.2265625,11516.5029296875,4387.115234375,41951528.0
380,16045.349609375,7698.724609375,11143.115234375,4387.115234375,41951528.0
381,14415.6806640625,7251.70654296875,11297.50390625,4387.115234375,41951528.0
382,16163.3076171875,7147.71484375,11434.6748046875,4387.115234375,41951528.0
383,15388.7822265625,7310.4140625,11611.72265625,4387.115234375,41951528.0
384,46458.76171875,7936.5703125,12032.2041015625,4387.115234375,41951528.0
385,22060.345703125,7657.30126953125,11589.4228515625,4387.115234375,41951528.0
386,21961.9921875,6865.0224609375,11094.375,4387.115234375,41951528.0
387,13386.662109375,7979.5771484375,11737.349609375,4387.115234375,41951528.0
388,12914.7431640625,6292.611328125,11084.4638671875,4387.115234375,41951528.0
389,13326.087890625,8053.9306640625,12035.51171875,4387.115234375,41951528.0
390,14200.2646484375,6698.4560546875,11261.748046875,4387.115234375,41951528.0
391,17991.85546875,7589.45751953125,11873.546875,4387.115234375,41951528.0
392,22996.712890625,8331.720703125,11949.9482421875,4387.115234375,41951528.0
393,58798.5859375,7441.89111328125,11725.009765625,4387.115234375,41951528.0
394,23292.1875,7451.29541015625,11439.142578125,4387.115234375,41951528.0
395,16313.0078125,7993.1103515625,11758.8330078125,4387.115234375,41951528.0
396,38212.65234375,6968.02880859375,11698.8466796875,4387.115234375,41951528.0
397,36589.296875,5573.375,11469.4384765625,4387.115234375,41951528.0
398,16263.6474609375,7145.84765625,11252.1044921875,4387.115234375,41951528.0
399,23802.189453125,8408.3876953125,11700.25390625,4387.115234375,41951528.0
400,12743.0732421875,7412.39501953125,11863.5244140625,4387.115234375,41951528.0
401,14586.8984375,6570.23828125,11675.3974609375,4387.115234375,41951528.0
402,17379.875,7142.8984375,11940.9326171875,4387.115234375,41951528.0
403,12216.9794921875,7068.11865234375,11767.23828125,4387.115234375,41951528.0
404,10974.197265625,6750.01904296875,10862.0478515625,4387.115234375,41951528.0
405,12804.10546875,7114.97314453125,11354.853515625,4387.115234375,41951528.0
406,20254.91015625,7037.8408203125,11641.9765625,4387.115234375,41951528.0
407,12079.7197265625,6297.46923828125,11284.9833984375,4387.115234375,41951528.0
408,36055.234375,7253.63134765625,11404.5615234375,4387.115234375,41951528.0
409,12986.2236328125,7078.87353515625,11723.0498046875,4387.115234375,41951528.0
410,17586.11328125,7636.36572265625,11362.3447265625,4387.115234375,41951528.0
411,20256.59765625,5746.2255859375,11367.388671875,4387.115234375,41951528.0
412,12071.353515625,7802.1708984375,11019.5244140625,4387.115234375,41951528.0
413,26511.724609375,7623.11767578125,11656.6298828125,4387.115234375,41951528.0
414,28057.578125,6641.50341796875,11962.548828125,4387.115234375,41951528.0
415,16045.1875,6410.96533203125,11515.0625,4387.115234375,41951528.0
416,16111.0478515625,7550.63818359375,11303.9521484375,4387.115234375,41951528.0
417,38132.45703125,7118.37109375,11545.349609375,4387.115234375,41951528.0
418,19829.86328125,6652.62744140625,10968.5078125,4387.115234375,41951528.0
419,15564.486328125,6970.45068359375,11652.8486328125,4387.115234375,41951528.0
420,29655.4765625,6211.16845703125,12041.916015625,4387.115234375,41951528.0
421,17170.5625,8607.34765625,12194.681640625,4387.115234375,41951528.0
422,13173.455078125,7316.1201171875,11161.3408203125,4387.115234375,41951528.0
423,12263.2890625,6305.68212890625,10973.3232421875,4387.115234375,41951528.0
424,15659.802734375,8315.3017578125,11914.6103515625,4387.115234375,41951528.0
425,11465.9609375,5981.365234375,11155.14453125,4387.115234375,41951528.0
426,23881.046875,7248.6845703125,11214.3857421875,4387.115234375,41951528.0
427,11476.0263671875,7549.14794921875,10667.2255859375,4387.115234375,41951528.0
428,16661.6015625,6252.69677734375,11200.8486328125,4387.115234375,41951528.0
429,13923.580078125,6988.38037109375,11523.6025390625,4387.115234375,41951528.0
430,13639.6064453125,5993.08935546875,11677.216796875,4387.115234375,41951528.0
431,13999.515625,7281.48046875,11171.5458984375,4387.115234375,41951528.0
432,11454.9755859375,6891.876953125,11627.595703125,4387.115234375,41951528.0
433,16312.0556640625,8125.0927734375,11964.2705078125,4387.115234375,41951528.0
434,27634.234375,6292.51708984375,11505.2919921875,4387.115234375,41951528.0
435,15631.109375,6245.2265625,11077.2900390625,4387.115234375,41951528.0
436,13440.7666015625,7602.77685546875,11434.89453125,4387.115234375,41951528.0
437,11864.6533203125,8301.169921875,11404.8974609375,4387.115234375,41951528.0
438,13123.08984375,6900.90673828125,11691.201171875,4387.115234375,41951528.0
439,12933.65625,7473.3017578125,11490.919921875,4387.115234375,41951528.0
440,22509.693359375,7584.6494140625,11474.818359375,4387.115234375,41951528.0
441,16027.0234375,6097.34375,10815.0830078125,4387.115234375,41951528.0
442,11747.349609375,7372.7705078125,11136.703125,4387.115234375,41951528.0
443,11757.40234375,7084.0966796875,11351.03125,4387.115234375,41951528.0
444,13337.6982421875,6996.29931640625,11295.724609375,4387.115234375,41951528.0
445,11964.6904296875,6352.63037109375,11145.9697265625,4387.115234375,41951528.0
446,15028.7568359375,7526.4169921875,11430.08984375,4387.115234375,41951528.0
447,20845.376953125,7491.33642578125,12168.1513671875,4387.115234375,41951528.0
448,38248.03515625,7481.34326171875,11518.919921875,4387.115234375,41951528.0
449,15629.9619140625,8032.32861328125,11930.099609375,4387.115234375,41951528.0
450,18786.73046875,6839.06689453125,11644.771484375,4387.115234375,41951528.0
451,12515.681640625,7761.99169921875,11930.435546875,4387.115234375,41951528.0
452,18735.0703125,8097.3828125,11455.5126953125,4387.115234375,41951528.0
453,26803.3671875,8380.572265625,11391.09765625,4387.115234375,41951528.0
454,29408.931640625,7611.20166015625,12117.7353515625,4387.115234375,41951528.0
455,28235.646484375,5842.9853515625,12075.9755859375,4387.115234375,41951528.0
456,31404.94921875,6796.55078125,11468.3330078125,4387.115234375,41951528.0
457,41127.328125,7011.9794921875,11959.548828125,4387.115234375,41951528.0
458,13465.0771484375,5302.11328125,11203.63671875,4387.115234375,41951528.0
459,15633.513671875,6591.0009765625,11208.3828125,4387.115234375,41951528.0
460,15924.443359375,7417.61572265625,11573.62890625,4387.115234375,41951528.0
461,20013.37890625,7708.48876953125,11654.626953125,4387.115234375,41951528.0
462,13030.61328125,7589.38916015625,11109.4814453125,4387.115234375,41951528.0
463,12395.91015625,7545.5029296875,11681.0595703125,4387.115234375,41951528.0
464,13806.517578125,6707.36083984375,11154.611328125,4387.115234375,41951528.0
465,28794.671875,6715.6015625,10931.71484375,4387.115234375,41951528.0
466,19683.05859375,7010.7451171875,11243.201171875,4387.115234375,41951528.0
467,20273.22265625,5873.6083984375,10940.0458984375,4387.115234375,41951528.0
468,23493.734375,7088.6513671875,11205.3544921875,4387.115234375,41951528.0
469,25436.9453125,7965.6416015625,11401.75390625,4387.115234375,41951528.0
470,22051.353515625,8310.259765625,11988.28125,4387.115234375,41951528.0
471,13740.8984375,6875.8876953125,11630.0,4387.115234375,41951528.0
472,14395.3828125,6578.34130859375,12037.640625,4387.115234375,41951528.0
473,16006.6689453125,7754.64892578125,11746.115234375,4387.115234375,41951528.0
474,30646.64453125,7570.6220703125,12017.6796875,4387.115234375,41951528.0
475,12080.9169921875,8571.2197265625,11704.4453125,4387.115234375,41951528.0
476,18472.962890625,6806.96630859375,11577.619140625,4387.115234375,41951528.0
477,20021.8515625,7644.72900390625,12229.3828125,4387.115234375,41951528.0
478,15096.009765625,7019.95751953125,10785.70703125,4387.115234375,41951528.0
479,22383.421875,6943.8359375,11271.4931640625,4387.115234375,41951528.0
480,14223.8310546875,7228.6005859375,11154.6904296875,4387.115234375,41951528.0
481,11266.712890625,6483.04443359375,11055.158203125,4387.115234375,41951528.0
482,16094.0380859375,6398.7041015625,11033.7587890625,4387.115234375,41951528.0
483,18557.8671875,7776.77734375,12039.873046875,4387.115234375,41951528.0
484,12696.99609375,6901.8212890625,11330.8017578125,4387.115234375,41951528.0
485,14624.0810546875,5827.798828125,11406.4033203125,4387.115234375,41951528.0
486,15995.4228515625,7597.279296875,11825.580078125,4387.115234375,41951528.0
487,12877.7734375,6895.45849609375,10889.037109375,4387.115234375,41951528.0
488,12198.8388671875,7562.09912109375,11519.2998046875,4387.115234375,41951528.0
489,12559.6005859375,7236.5478515625,11745.4365234375,4387.115234375,41951528.0
490,11481.359375,7600.5966796875,11333.04296875,4387.115234375,41951528.0
491,15271.92578125,6151.96826171875,10939.4521484375,4387.115234375,41951528.0
492,20568.154296875,7194.22314453125,12155.1865234375,4387.115234375,41951528.0
493,22165.53515625,7141.65576171875,10941.2841796875,4387.115234375,41951528.0
494,14301.150390625,7613.6357421875,10632.7548828125,4387.115234375,41951528.0
495,14895.005859375,7791.5322265625,11764.298828125,4387.115234375,41951528.0
496,13927.6552734375,6208.5244140625,11409.7783203125,4387.115234375,41951528.0
497,16228.263671875,7148.35986328125,11163.5107421875,4387.115234375,41951528.0
498,11936.21875,7180.49951171875,11392.775390625,4387.115234375,41951528.0
499,13097.96484375,7421.6494140625,10933.8828125,4387.115234375,41951528.0
500,16803.080078125,5869.4482421875,11335.107421875,4387.115234375,41951528.0
501,11584.341796875,6759.41943359375,11020.29296875,4387.115234375,41951528.0
502,11165.458984375,7581.607421875,10986.69140625,4387.115234375,41951528.0
503,13660.578125,8342.1640625,11392.38671875,4387.115234375,41951528.0
504,13029.6005859375,7108.12548828125,11506.6533203125,4387.115234375,41951528.0
505,17546.888671875,8423.6337890625,11407.603515625,4387.115234375,41951528.0
506,15108.9794921875,7506.31689453125,11088.53125,4387.115234375,41951528.0
507,12898.0390625,6603.2509765625,11083.8427734375,4387.115234375,41951528.0
508,12670.681640625,7634.72998046875,11575.521484375,4387.115234375,41951528.0
509,12052.9794921875,6765.3125,11271.4970703125,4387.115234375,41951528.0
510,12023.3955078125,6703.634765625,10930.3515625,4387.115234375,41951528.0
511,26873.072265625,8466.08203125,12513.1845703125,4387.115234375,41951528.0
512,12329.1806640625,7701.30322265625,11715.7158203125,4387.115234375,41951528.0
513,15848.53125,6222.6259765625,11240.3798828125,4387.115234375,41951528.0
514,15071.9658203125,8143.75146484375,11423.2763671875,4387.115234375,41951528.0
515,15446.458984375,7137.138671875,11204.3583984375,4387.115234375,41951528.0
516,17436.46875,6830.591796875,11165.916015625,4387.115234375,41951528.0
517,14183.009765625,6363.15234375,11634.8857421875,4387.115234375,41951528.0
518,17573.984375,6792.88330078125,11908.779296875,4387.115234375,41951528.0
519,12708.2421875,7266.943359375,10768.2529296875,4387.115234375,41951528.0
520,21360.357421875,6566.76025390625,12547.7177734375,4387.115234375,41951528.0
521,13541.83203125,6893.65771484375,11749.513671875,4387.115234375,41951528.0
522,13063.69921875,5910.93994140625,10864.2431640625,4387.115234375,41951528.0
523,13994.6142578125,7231.43310546875,11786.6650390625,4387.115234375,41951528.0
524,16172.4296875,6928.42529296875,12126.0830078125,4387.115234375,41951528.0
525,14594.2333984375,5985.759765625,11072.3837890625,4387.115234375,41951528.0
526,15479.6328125,6836.13134765625,11065.037109375,4387.115234375,41951528.0
527,28761.2890625,6539.13525390625,12093.205078125,4387.115234375,41951528.0
528,13650.8740234375,5820.9697265625,11687.5634765625,4387.115234375,41951528.0
529,15668.9716796875,6159.2900390625,11336.56640625,4387.115234375,41951528.0
530,27445.587890625,5975.287109375,11084.783203125,4387.115234375,41951528.0
531,10909.625,7808.7958984375,10199.994140625,4387.115234375,41951528.0
532,13764.142578125,7970.35791015625,11653.9326171875,4387.115234375,41951528.0
533,18016.5703125,6837.380859375,11605.2822265625,4387.115234375,41951528.0
534,20489.109375,5629.966796875,12013.533203125,4387.115234375,41951528.0
535,24988.30078125,7882.89208984375,11845.5390625,4387.115234375,41951528.0
536,24105.17578125,6684.640625,12016.564453125,4387.115234375,41951528.0
537,12158.5859375,6670.38427734375,11295.294921875,4387.115234375,41951528.0
538,13967.1748046875,6445.22509765625,11821.490234375,4387.115234375,41951528.0
539,11063.5078125,5528.02880859375,10749.47265625,4387.115234375,41951528.0
540,22108.845703125,7484.26708984375,11543.65625,4387.115234375,41951528.0
541,17116.802734375,7804.45068359375,11539.470703125,4387.115234375,41951528.0
542,20702.154296875,6921.59326171875,11618.8291015625,4387.115234375,41951528.0
543,33518.15625,7539.513671875,11333.1640625,4387.115234375,41951528.0
544,11667.4423828125,7001.0703125,11237.2626953125,4387.115234375,41951528.0
545,11791.64453125,6811.49072265625,11095.9931640625,4387.115234375,41951528.0
546,15653.6611328125,6932.15478515625,11834.154296875,4387.115234375,41951528.0
547,11846.416015625,7031.03662109375,11345.9814453125,4387.115234375,41951528.0
548,15733.90625,8040.07373046875,11105.91796875,4387.115234375,41951528.0
549,13493.576171875,6372.455078125,11698.25390625,4387.115234375,41951528.0
550,12692.521484375,7264.9208984375,11361.689453125,4387.115234375,41951528.0
551,11407.3154296875,6821.30712890625,10724.04296875,4387.115234375,41951528.0
552,17798.044921875,7972.15576171875,11505.5712890625,4387.115234375,41951528.0
553,11746.591796875,7485.54736328125,11225.181640625,4387.115234375,41951528.0
554,19471.384765625,6449.24853515625,10583.0478515625,4387.115234375,41951528.0
555,20034.505859375,7011.12890625,11743.3291015625,4387.115234375,41951528.0
556,24824.46484375,7892.41455078125,11925.5712890625,4387.115234375,41951528.0
557,17685.35546875,7915.98779296875,11954.52734375,4387.115234375,41951528.0
558,14969.3291015625,6459.5,11065.849609375,4387.115234375,41951528.0
559,12718.2880859375,4859.67333984375,10838.28125,4387.115234375,41951528.0
560,19148.177734375,8671.0361328125,11737.5009765625,4387.115234375,41951528.0
561,15512.77734375,8499.25,12201.0732421875,4387.115234375,41951528.0
562,17262.0625,6447.98828125,11475.201171875,4387.115234375,41951528.0
563,12096.33203125,7094.62451171875,12054.47265625,4387.115234375,41951528.0
564,13698.138671875,6628.0791015625,11727.7529296875,4387.115234375,41951528.0
565,15133.6865234375,7458.49755859375,11158.642578125,4387.115234375,41951528.0
566,12650.9873046875,7450.93115234375,11514.3662109375,4387.115234375,41951528.0
567,13893.4599609375,6399.45068359375,11443.8349609375,4387.115234375,41951528.0
568,16021.56640625,6813.0087890625,11243.0927734375,4387.115234375,41951528.0
569,13057.15234375,7013.76611328125,11574.287109375,4387.115234375,41951528.0
570,14347.81640625,7727.7548828125,11139.763671875,4387.115234375,41951528.0
571,17786.685546875,7581.2451171875,11209.0107421875,4387.115234375,41951528.0
572,34057.3515625,6183.79736328125,11467.25390625,4387.115234375,41951528.0
573,15683.8720703125,7052.24365234375,11312.6201171875,4387.115234375,41951528.0
574,16862.171875,7698.3583984375,10960.4755859375,4387.115234375,41951528.0
575,21487.513671875,7485.23193359375,12041.65234375,4387.115234375,41951528.0
576,15301.755859375,7173.853515625,11507.67578125,4387.115234375,41951528.0
577,11945.876953125,7162.37060546875,11427.580078125,4387.115234375,41951528.0
578,11982.0400390625,6197.69677734375,11791.419921875,4387.115234375,41951528.0
579,15265.52734375,7230.37353515625,11378.0947265625,4387.115234375,41951528.0
580,37225.73828125,7787.79345703125,11711.5654296875,4387.115234375,41951528.0
581,14022.60546875,6778.1005859375,11025.2353515625,4387.115234375,41951528.0
582,15737.97265625,7230.49951171875,11113.8193359375,4387.115234375,41951528.0
583,13095.26953125,7605.09375,10567.1923828125,4387.115234375,41951528.0
584,14477.5419921875,7635.38818359375,11611.2060546875,4387.115234375,41951528.0
585,21180.361328125,7248.599609375,11102.1064453125,4387.115234375,41951528.0
586,14453.87890625,6909.96240234375,11818.373046875,4387.115234375,41951528.0
587,13380.8251953125,7756.267578125,11162.1318359375,4387.115234375,41951528.0
588,13260.7255859375,6491.302734375,11156.296875,4387.115234375,41951528.0
589,12102.953125,7982.154296875,11141.28125,4387.115234375,41951528.0
590,19460.587890625,6343.51904296875,11796.517578125,4387.115234375,41951528.0
591,12719.2890625,6831.29345703125,11844.9677734375,4387.115234375,41951528.0
592,20246.474609375,7363.07275390625,11690.3935546875,4387.115234375,41951528.0
593,16394.044921875,7538.66748046875,12096.2021484375,4387.115234375,41951528.0
594,26501.919921875,7000.83642578125,11405.9384765625,4387.115234375,41951528.0
595,26528.515625,6943.63720703125,11522.447265625,4387.115234375,41951528.0
596,16528.88671875,7770.8740234375,11465.8623046875,4387.115234375,41951528.0
597,19269.9609375,6073.67431640625,11410.4990234375,4387.115234375,41951528.0
598,26464.296875,6247.44189453125,11675.716796875,4387.115234375,41951528.0
599,11762.287109375,7488.68798828125,11230.107421875,4387.115234375,41951528.0
600,35916.67578125,8350.81640625,12318.6748046875,4387.115234375,41951528.0
601,20576.685546875,7195.765625,11447.8017578125,4387.115234375,41951528.0
602,13951.1044921875,5648.2236328125,11566.0478515625,4387.115234375,41951528.0
603,11800.3349609375,6921.93798828125,11452.3818359375,4387.115234375,41951528.0
604,20193.931640625,6621.8515625,11767.810546875,4387.115234375,41951528.0
605,20589.44140625,8182.30517578125,11618.201171875,4387.115234375,41951528.0
606,12431.580078125,6283.91748046875,11520.92578125,4387.115234375,41951528.0
607,13511.283203125,6589.1767578125,10962.7373046875,4387.115234375,41951528.0
608,16584.314453125,6378.171875,11325.9365234375,4387.115234375,41951528.0
609,18377.5,7857.79736328125,10578.5244140625,4387.115234375,41951528.0
610,33560.640625,8285.341796875,11429.2998046875,4387.115234375,41951528.0
611,15663.5703125,8427.1884765625,11707.0654296875,4387.115234375,41951528.0
612,13556.66015625,6621.0390625,10997.3857421875,4387.115234375,41951528.0
613,20889.6875,8286.220703125,11949.8115234375,4387.115234375,41951528.0
614,13260.7216796875,7991.31396484375,11447.939453125,4387.115234375,41951528.0
615,13774.9921875,7857.453125,10566.6806640625,4387.115234375,41951528.0
616,36111.37109375,7257.44580078125,12269.0888671875,4387.115234375,41951528.0
617,36693.78125,7682.1708984375,11713.40625,4387.115234375,41951528.0
618,19345.85546875,6888.87548828125,12043.310546875,4387.115234375,41951528.0
619,14638.56640625,7246.33837890625,11253.7001953125,4387.115234375,41951528.0
620,17334.2265625,8339.7802734375,11105.220703125,4387.115234375,41951528.0
621,16096.6181640625,7002.763671875,11140.634765625,4387.115234375,41951528.0
622,11963.9775390625,6540.25634765625,11727.61328125,4387.115234375,41951528.0
623,13126.8193359375,7612.478515625,11271.9716796875,4387.115234375,41951528.0
624,18372.09375,7287.544921875,11777.0009765625,4387.115234375,41951528.0
625,11009.72265625,7090.2412109375,11037.583984375,4387.115234375,41951528.0
626,19595.828125,7217.2255859375,11745.4443359375,4387.115234375,41951528.0
627,11166.263671875,7782.1220703125,10829.373046875,4387.115234375,41951528.0
628,11693.1376953125,7546.65966796875,11270.2685546875,4387.115234375,41951528.0
629,11540.4873046875,6148.03125,10959.3544921875,4387.115234375,41951528.0
630,11816.986328125,5289.2236328125,11606.0458984375,4387.115234375,41951528.0
631,21266.408203125,7560.33349609375,12088.2021484375,4387.115234375,41951528.0
632,30612.904296875,7689.5283203125,11968.6865234375,4387.115234375,41951528.0
633,21364.8046875,7729.708984375,11471.9892578125,4387.115234375,41951528.0
634,11704.41796875,7160.21435546875,11190.9267578125,4387.115234375,41951528.0
635,34990.890625,8289.4677734375,11533.64453125,4387.115234375,41951528.0
636,17368.95703125,5899.2744140625,11854.5908203125,4387.115234375,41951528.0
637,50137.30859375,7255.7490234375,11000.91796875,4387.115234375,41951528.0
638,14320.44140625,7186.4658203125,11234.8408203125,4387.115234375,41951528.0
639,76232.3203125,7959.591796875,12395.8828125,4387.115234375,41951528.0
640,18162.30859375,6183.9970703125,11508.1708984375,4387.115234375,41951528.0
641,49613.640625,6813.27001953125,11482.1728515625,4387.115234375,41951528.0
642,36604.14453125,6494.23046875,12308.7890625,4387.115234375,41951528.0
643,26455.78125,6800.08349609375,11326.078125,4387.115234375,41951528.0
644,14581.8544921875,5697.96728515625,11427.1767578125,4387.115234375,41951528.0
645,13739.685546875,7024.5390625,11180.5234375,4387.115234375,41951528.0
646,11351.134765625,7516.595703125,11093.580078125,4387.115234375,41951528.0
647,15754.9052734375,5997.4248046875,11715.5556640625,4387.115234375,41951528.0
648,12992.705078125,8233.90625,11905.3515625,4387.115234375,41951528.0
649,15166.2958984375,7433.333984375,10873.126953125,4387.115234375,41951528.0
650,22252.31640625,6785.32080078125,10708.626953125,4387.115234375,41951528.0
651,14694.5185546875,7023.76953125,11405.4169921875,4387.115234375,41951528.0
652,12797.357421875,7461.6435546875,11243.8974609375,4387.115234375,41951528.0
653,18726.9453125,7032.71484375,11254.638671875,4387.115234375,41951528.0
654,12625.5537109375,7073.20068359375,11011.9384765625,4387.115234375,41951528.0
655,31257.943359375,7665.07275390625,12138.3125,4387.115234375,41951528.0
656,35590.03125,7092.3095703125,11294.5302734375,4387.115234375,41951528.0
657,26536.13671875,6282.78759765625,11325.76953125,4387.115234375,41951528.0
658,14878.6728515625,7739.6044921875,11342.0126953125,4387.115234375,41951528.0
659,47954.97265625,6115.3935546875,11857.2001953125,4387.115234375,41951528.0
660,31335.265625,7404.890625,11744.4873046875,4387.115234375,41951528.0
661,14649.5390625,8294.484375,11446.6494140625,4387.115234375,41951528.0
662,12932.30078125,7692.611328125,11090.4921875,4387.115234375,41951528.0
663,17151.9765625,6895.6083984375,11044.8681640625,4387.115234375,41951528.0
664,12792.607421875,6821.46435546875,11208.9599609375,4387.115234375,41951528.0
665,13002.1572265625,6732.06689453125,11072.24609375,4387.115234375,41951528.0
666,16257.5810546875,7448.462890625,11369.7578125,4387.115234375,41951528.0
667,22411.49609375,8866.96875,11873.6767578125,4387.115234375,41951528.0
668,17634.673828125,8121.27294921875,11992.4794921875,4387.115234375,41951528.0
669,29576.595703125,7219.4970703125,11173.625,4387.115234375,41951528.0
670,11655.74609375,7735.44677734375,11194.673828125,4387.115234375,41951528.0
671,11342.064453125,7522.64208984375,10762.21875,4387.115234375,41951528.0
672,11166.9296875,5880.396484375,10917.146484375,4387.115234375,41951528.0
673,11130.00390625,7653.18017578125,11013.01171875,4387.115234375,41951528.0
674,24614.77734375,8020.68212890625,11570.5302734375,4387.115234375,41951528.0
675,20441.671875,8062.6416015625,12186.3837890625,4387.115234375,41951528.0
676,16808.23828125,6150.08642578125,11357.544921875,4387.115234375,41951528.0
677,17705.046875,7999.0634765625,10725.814453125,4387.115234375,41951528.0
678,33246.953125,6303.35009765625,11544.6357421875,4387.115234375,41951528.0
679,13810.1220703125,7420.3330078125,11437.787109375,4387.115234375,41951528.0
680,16473.66015625,7019.826171875,11183.859375,4387.115234375,41951528.0
681,11969.1435546875,6558.71142578125,11559.5693359375,4387.115234375,41951528.0
682,18228.50390625,6734.20458984375,11344.0107421875,4387.115234375,41951528.0
683,26714.15625,5879.0224609375,11804.927734375,4387.115234375,41951528.0
684,23293.705078125,7380.55859375,11497.669921875,4387.115234375,41951528.0
685,23172.30859375,5980.98779296875,11821.62109375,4387.115234375,41951528.0
686,15072.37109375,7547.2041015625,11083.3740234375,4387.115234375,41951528.0
687,16087.7578125,5964.578125,11691.255859375,4387.115234375,41951528.0
688,15269.1943359375,8145.37939453125,11245.3837890625,4387.115234375,41951528.0
689,14909.671875,6496.55712890625,10598.599609375,4387.115234375,41951528.0
690,23454.80078125,7643.51708984375,11441.5,4387.115234375,41951528.0
691,20395.314453125,6674.880859375,11319.2470703125,4387.115234375,41951528.0
692,14265.875,6896.89111328125,11022.0283203125,4387.115234375,41951528.0
693,20152.6328125,5799.72021484375,11415.330078125,4387.115234375,41951528.0
694,38441.33984375,6248.23046875,11643.134765625,4387.115234375,41951528.0
695,13851.0634765625,6834.97705078125,10752.0419921875,4387.115234375,41951528.0
696,19703.68359375,7839.39501953125,11254.3447265625,4387.115234375,41951528.0
697,13510.4296875,6134.796875,11536.044921875,4387.115234375,41951528.0
698,16989.169921875,6942.09130859375,11775.595703125,4387.115234375,41951528.0
699,17597.94921875,6914.3173828125,11304.673828125,4387.115234375,41951528.0
700,16489.775390625,7231.302734375,11282.2841796875,4387.115234375,41951528.0
701,33783.28515625,3991.533203125,11776.2451171875,3991.533203125,41951528.0
702,14230.76171875,5529.68798828125,12052.552734375,3991.533203125,41951528.0
703,22018.67578125,7944.70068359375,11322.953125,3991.533203125,41951528.0
704,19787.421875,6675.859375,11033.212890625,3991.533203125,41951528.0
705,15881.6845703125,7301.0498046875,11528.798828125,3991.533203125,41951528.0
706,37627.8984375,7001.82763671875,12013.490234375,3991.533203125,41951528.0
707,47147.10546875,6963.77197265625,12149.0478515625,3991.533203125,41951528.0
708,11208.125,6234.24462890625,11000.3896484375,3991.533203125,41951528.0
709,24127.689453125,7772.27294921875,11915.5849609375,3991.533203125,41951528.0
710,16507.791015625,7067.732421875,11515.36328125,3991.533203125,41951528.0
711,49248.57421875,5904.9775390625,11227.0048828125,3991.533203125,41951528.0
712,15496.162109375,7242.79150390625,11250.52734375,3991.533203125,41951528.0
713,15986.591796875,6492.26806640625,11472.4765625,3991.533203125,41951528.0
714,15154.8447265625,7326.4462890625,10968.150390625,3991.533203125,41951528.0
715,13220.900390625,5631.13232421875,10765.1259765625,3991.533203125,41951528.0
716,23425.7265625,7690.93212890625,12042.12890625,3991.533203125,41951528.0
717,21581.751953125,6957.53759765625,11533.63671875,3991.533203125,41951528.0
718,34455.01171875,6170.85205078125,11613.744140625,3991.533203125,41951528.0
719,30510.138671875,7158.53076171875,12134.2060546875,3991.533203125,41951528.0
720,14597.28515625,6140.162109375,11007.4921875,3991.533203125,41951528.0
721,18910.830078125,6413.47509765625,11080.7919921875,3991.533203125,41951528.0
722,13884.404296875,5664.3193359375,11186.501953125,3991.533203125,41951528.0
723,16024.8623046875,8244.38671875,11139.8740234375,3991.533203125,41951528.0
724,13086.8720703125,7208.81494140625,11030.2275390625,3991.533203125,41951528.0
725,14495.62109375,6798.12841796875,11503.8955078125,3991.533203125,41951528.0
726,11506.1611328125,7004.99853515625,11263.998046875,3991.533203125,41951528.0
727,13574.0830078125,8189.7236328125,11654.6376953125,3991.533203125,41951528.0
728,13537.791015625,6810.19873046875,11879.2138671875,3991.533203125,41951528.0
729,12414.302734375,5363.609375,11333.5634765625,3991.533203125,41951528.0
730,13776.494140625,8366.443359375,10753.904296875,3991.533203125,41951528.0
731,11810.98828125,5331.7978515625,11138.88671875,3991.533203125,41951528.0
732,13066.7392578125,6352.8046875,10610.109375,3991.533203125,41951528.0
733,13888.5859375,6833.58642578125,11145.7998046875,3991.533203125,41951528.0
734,11836.1875,6985.28662109375,10758.0537109375,3991.533203125,41951528.0
735,11198.732421875,7411.92333984375,11234.771484375,3991.533203125,41951528.0
736,21964.41796875,7226.7626953125,11603.0322265625,3991.533203125,41951528.0
737,25608.34375,6250.79443359375,11537.439453125,3991.533203125,41951528.0
738,12963.705078125,7477.47265625,10953.84765625,3991.533203125,41951528.0
739,12425.169921875,8491.96875,11600.732421875,3991.533203125,41951528.0
740,26182.806640625,6699.98388671875,11162.5283203125,3991.533203125,41951528.0
741,13948.189453125,6796.74658203125,10570.21484375,3991.533203125,41951528.0
742,19150.0546875,6412.75,11268.0087890625,3991.533203125,41951528.0
743,15563.697265625,7386.25390625,10641.9345703125,3991.533203125,41951528.0
744,12939.2158203125,7123.30029296875,11503.7890625,3991.533203125,41951528.0
745,14055.8779296875,8040.47265625,11491.3447265625,3991.533203125,41951528.0
746,15817.818359375,6153.275390625,11518.904296875,3991.533203125,41951528.0
747,23179.646484375,7330.4326171875,11399.54296875,3991.533203125,41951528.0
748,11498.837890625,7525.2880859375,10902.7880859375,3991.533203125,41951528.0
749,18951.462890625,5476.97265625,11459.1142578125,3991.533203125,41951528.0
750,15167.2578125,7167.42919921875,11244.8359375,3991.533203125,41951528.0
751,35563.8671875,5371.3583984375,11562.8515625,3991.533203125,41951528.0
752,13047.119140625,6952.44677734375,11027.2197265625,3991.533203125,41951528.0
753,26843.53125,6720.97607421875,11550.857421875,3991.533203125,41951528.0
754,17343.138671875,6438.845703125,10957.849609375,3991.533203125,41951528.0
755,14130.982421875,7287.75732421875,11277.2236328125,3991.533203125,41951528.0
756,25386.18359375,6803.09326171875,11446.283203125,3991.533203125,41951528.0
757,12716.44140625,6673.8154296875,10760.1064453125,3991.533203125,41951528.0
758,12449.1884765625,6037.3759765625,11027.3623046875,3991.533203125,41951528.0
759,12246.9580078125,7163.154296875,11080.1357421875,3991.533203125,41951528.0
760,12631.3212890625,7964.88232421875,11493.193359375,3991.533203125,41951528.0
761,13386.1962890625,7024.58837890625,11798.6953125,3991.533203125,41951528.0
762,12397.580078125,7787.8447265625,11078.9013671875,3991.533203125,41951528.0
763,11453.6474609375,6166.091796875,10993.86328125,3991.533203125,41951528.0
764,13337.6650390625,7196.447265625,11530.904296875,3991.533203125,41951528.0
765,12607.103515625,5320.73486328125,11640.787109375,3991.533203125,41951528.0
766,13004.0537109375,5289.8701171875,11185.53515625,3991.533203125,41951528.0
767,11792.349609375,6973.650390625,10703.9296875,3991.533203125,41951528.0
768,11618.91015625,6745.98583984375,10974.150390625,3991.533203125,41951528.0
769,16619.8359375,7397.6845703125,11977.7353515625,3991.533203125,41951528.0
770,20815.330078125,7446.09423828125,11702.9345703125,3991.533203125,41951528.0
771,20500.423828125,7373.13818359375,11113.1357421875,3991.533203125,41951528.0
772,71862.7265625,8089.9599609375,10917.703125,3991.533203125,41951528.0
773,20944.455078125,7367.83154296875,11541.123046875,3991.533203125,41951528.0
774,17312.265625,7243.6142578125,11977.3984375,3991.533203125,41951528.0
775,20217.0078125,7863.6572265625,11225.2744140625,3991.533203125,41951528.0
776,12020.580078125,6900.833984375,11251.38671875,3991.533203125,41951528.0
777,13412.2939453125,7878.2841796875,10768.7958984375,3991.533203125,41951528.0
778,16960.84375,7691.38330078125,11112.2138671875,3991.533203125,41951528.0
779,13266.103515625,7112.91259765625,11005.02734375,3991.533203125,41951528.0
780,15358.423828125,7027.13916015625,11299.486328125,3991.533203125,41951528.0
781,12176.5224609375,5681.0732421875,11087.486328125,3991.533203125,41951528.0
782,23923.205078125,5878.7236328125,10982.65234375,3991.533203125,41951528.0
783,20590.328125,7313.84912109375,11096.470703125,3991.533203125,41951528.0
784,13273.9609375,6155.53662109375,11320.8154296875,3991.533203125,41951528.0
785,12589.44140625,7555.755859375,10695.826171875,3991.533203125,41951528.0
786,16927.259765625,7639.51220703125,11194.234375,3991.533203125,41951528.0
787,25054.6640625,7365.24951171875,11584.3388671875,3991.533203125,41951528.0
788,12280.1572265625,6242.7900390625,11165.41796875,3991.533203125,41951528.0
789,12543.671875,7050.36767578125,11288.6513671875,3991.533203125,41951528.0
790,11219.9794921875,6936.0849609375,11138.2099609375,3991.533203125,41951528.0
791,14453.65625,8016.00439453125,11266.6533203125,3991.533203125,41951528.0
792,11804.16796875,5257.03466796875,11026.275390625,3991.533203125,41951528.0
793,19792.84375,6887.28173828125,11019.5244140625,3991.533203125,41951528.0
794,16175.03515625,7300.47412109375,11112.7197265625,3991.533203125,41951528.0
795,38434.91015625,7308.33349609375,11474.3154296875,3991.533203125,41951528.0
796,13585.97265625,7353.14404296875,11350.056640625,3991.533203125,41951528.0
797,12542.11328125,7333.25390625,11197.310546875,3991.533203125,41951528.0
798,17614.984375,6324.99267578125,10916.056640625,3991.533203125,41951528.0
799,19255.8984375,6746.564453125,11004.6298828125,3991.533203125,41951528.0
800,11446.671875,8257.333984375,11326.55078125,3991.533203125,41951528.0
801,12866.662109375,7294.85009765625,11042.0361328125,3991.533203125,41951528.0
802,12762.19921875,8140.1357421875,11249.2275390625,3991.533203125,41951528.0
803,12811.6630859375,7137.90087890625,11318.509765625,3991.533203125,41951528.0
804,12788.056640625,7891.96875,10916.9970703125,3991.533203125,41951528.0
805,22079.8203125,7271.736328125,11431.31640625,3991.533203125,41951528.0
806,14957.8671875,7054.75537109375,10998.8291015625,3991.533203125,41951528.0
807,22848.673828125,7043.95458984375,11589.2412109375,3991.533203125,41951528.0
808,13614.873046875,6232.16259765625,11336.7216796875,3991.533203125,41951528.0
809,12789.6240234375,7019.7333984375,11480.9541015625,3991.533203125,41951528.0
810,17080.96875,6653.0029296875,11493.681640625,3991.533203125,41951528.0
811,12629.7744140625,6963.27099609375,11528.142578125,3991.533203125,41951528.0
812,11460.587890625,8114.701171875,11198.453125,3991.533203125,41951528.0
813,11121.884765625,6039.6162109375,11177.841796875,3991.533203125,41951528.0
814,18869.09375,7716.87255859375,10796.333984375,3991.533203125,41951528.0
815,13182.373046875,6259.7373046875,10635.33984375,3991.533203125,41951528.0
816,10966.5390625,7257.96142578125,10577.66796875,3991.533203125,41951528.0
817,14066.291015625,7059.5419921875,11106.158203125,3991.533203125,41951528.0
818,11782.25390625,6768.6533203125,11216.353515625,3991.533203125,41951528.0
819,11921.3359375,6491.89306640625,11313.71875,3991.533203125,41951528.0
820,11065.2685546875,6687.98828125,11033.990234375,3991.533203125,41951528.0
821,13883.98046875,6626.39599609375,11351.11328125,3991.533203125,41951528.0
822,11551.123046875,6989.28125,11084.6416015625,3991.533203125,41951528.0
823,11044.7568359375,7296.2177734375,10899.27734375,3991.533203125,41951528.0
824,13097.392578125,7933.5810546875,11459.431640625,3991.533203125,41951528.0
825,11339.66015625,7487.9921875,11019.8486328125,3991.533203125,41951528.0
826,11269.8515625,6468.87353515625,10879.626953125,3991.533203125,41951528.0
827,11873.8271484375,6350.27587890625,11414.64453125,3991.533203125,41951528.0
828,15092.6845703125,6804.7705078125,10765.587890625,3991.533203125,41951528.0
829,11425.48046875,6993.71875,10867.025390625,3991.533203125,41951528.0
830,15767.919921875,6171.5263671875,10962.0283203125,3991.533203125,41951528.0
831,14185.46484375,7246.2197265625,10998.5830078125,3991.533203125,41951528.0
832,13394.603515625,6624.294921875,11586.84765625,3991.533203125,41951528.0
833,12194.5439453125,5362.79345703125,11315.154296875,3991.533203125,41951528.0
834,12801.6748046875,7504.00830078125,11106.3017578125,3991.533203125,41951528.0
835,13615.201171875,7012.65185546875,10997.1416015625,3991.533203125,41951528.0
836,13573.5693359375,6862.49609375,10764.08203125,3991.533203125,41951528.0
837,12998.7880859375,7079.3720703125,11572.8955078125,3991.533203125,41951528.0
838,12284.7626953125,7443.197265625,10860.8779296875,3991.533203125,41951528.0
839,16019.126953125,6596.52978515625,11631.4189453125,3991.533203125,41951528.0
840,11767.6796875,6631.05517578125,11150.626953125,3991.533203125,41951528.0
841,14351.095703125,6170.99853515625,11237.859375,3991.533203125,41951528.0
842,12239.10546875,5654.06298828125,10686.35546875,3991.533203125,41951528.0
843,11823.05859375,6554.6416015625,10802.0703125,3991.533203125,41951528.0
844,12194.8544921875,6088.13134765625,11086.3935546875,3991.533203125,41951528.0
845,14590.208984375,5955.6396484375,11034.4716796875,3991.533203125,41951528.0
846,20595.396484375,6409.1650390625,11347.759765625,3991.533203125,41951528.0
847,12034.349609375,6971.36572265625,10856.671875,3991.533203125,41951528.0
848,14555.1435546875,5409.94873046875,10846.037109375,3991.533203125,41951528.0
849,15985.1416015625,6743.55517578125,10704.69140625,3991.533203125,41951528.0
850,11752.6298828125,6933.49853515625,11053.89453125,3991.533203125,41951528.0
851,13668.017578125,7462.87158203125,11177.81640625,3991.533203125,41951528.0
852,14182.9755859375,7687.45751953125,10941.4267578125,3991.533203125,41951528.0
853,13430.7646484375,6179.291015625,10240.8056640625,3991.533203125,41951528.0
854,16871.6015625,6093.4609375,11515.05859375,3991.533203125,41951528.0
855,14050.5009765625,7258.3544921875,10507.720703125,3991.533203125,41951528.0
856,12147.330078125,8513.1923828125,11086.7412109375,3991.533203125,41951528.0
857,14927.359375,7579.53759765625,10963.357421875,3991.533203125,41951528.0
858,15078.0048828125,6623.2333984375,10741.533203125,3991.533203125,41951528.0
859,10886.3251953125,7071.8623046875,10435.4658203125,3991.533203125,41951528.0
860,15545.08203125,7276.912109375,11227.015625,3991.533203125,41951528.0
861,14094.2197265625,7795.89013671875,11181.8115234375,3991.533203125,41951528.0
862,13098.271484375,4813.099609375,10793.240234375,3991.533203125,41951528.0
863,12876.4013671875,6349.80712890625,10987.216796875,3991.533203125,41951528.0
864,24454.17578125,7417.63330078125,12075.6083984375,3991.533203125,41951528.0
865,14091.1123046875,7088.513671875,11346.119140625,3991.533203125,41951528.0
866,11504.05859375,6976.32861328125,10786.7529296875,3991.533203125,41951528.0
867,42250.9765625,5957.482421875,11267.548828125,3991.533203125,41951528.0
868,17581.15625,7595.80078125,10978.7998046875,3991.533203125,41951528.0
869,16849.69140625,6828.90087890625,11497.6748046875,3991.533203125,41951528.0
870,13253.6552734375,6341.05419921875,10886.4638671875,3991.533203125,41951528.0
871,23296.775390625,6752.01953125,11866.58203125,3991.533203125,41951528.0
872,13370.291015625,6386.08544921875,11346.2451171875,3991.533203125,41951528.0
873,12067.7197265625,7483.19873046875,10748.8017578125,3991.533203125,41951528.0
874,11664.494140625,6539.70068359375,10719.9130859375,3991.533203125,41951528.0
875,10970.501953125,6853.384765625,10885.908203125,3991.533203125,41951528.0
876,10959.43359375,7497.85009765625,10859.576171875,3991.533203125,41951528.0
877,16570.08984375,6846.38525390625,10967.92578125,3991.533203125,41951528.0
878,13528.6513671875,6727.29931640625,11474.033203125,3991.533203125,41951528.0
879,20333.146484375,7308.595703125,11163.3271484375,3991.533203125,41951528.0
880,11596.482421875,6930.46728515625,10804.6728515625,3991.533203125,41951528.0
881,11778.583984375,7218.72265625,11410.9140625,3991.533203125,41951528.0
882,14604.095703125,6767.99658203125,11190.1201171875,3991.533203125,41951528.0
883,11147.8271484375,7270.76025390625,10880.7333984375,3991.533203125,41951528.0
884,11205.6591796875,7117.3662109375,10787.03125,3991.533203125,41951528.0
885,12608.427734375,5867.8212890625,11061.45703125,3991.533203125,41951528.0
886,11656.126953125,6454.970703125,11192.953125,3991.533203125,41951528.0
887,16678.41015625,7847.74853515625,11303.3935546875,3991.533203125,41951528.0
888,10899.443359375,6632.56689453125,10679.4375,3991.533203125,41951528.0
889,31565.896484375,6455.2880859375,11628.9990234375,3991.533203125,41951528.0
890,19283.947265625,7853.48681640625,11189.623046875,3991.533203125,41951528.0
891,13453.24609375,6964.126953125,10878.1396484375,3991.533203125,41951528.0
892,15339.935546875,7390.3876953125,11016.322265625,3991.533203125,41951528.0
893,13078.150390625,7308.11767578125,11768.591796875,3991.533203125,41951528.0
894,29710.28125,7037.95751953125,11190.2734375,3991.533203125,41951528.0
895,13115.796875,7038.8486328125,10494.9384765625,3991.533203125,41951528.0
896,12714.11328125,6695.47216796875,11382.451171875,3991.533203125,41951528.0
897,11014.1826171875,7479.8857421875,10832.12109375,3991.533203125,41951528.0
898,19045.48046875,6500.275390625,10802.7880859375,3991.533203125,41951528.0
899,14150.0615234375,6567.521484375,11005.2177734375,3991.533203125,41951528.0
900,12391.837890625,6243.24609375,10944.9296875,3991.533203125,41951528.0
901,11260.3984375,7005.34716796875,11058.078125,3991.533203125,41951528.0
902,17959.84765625,6086.49853515625,10903.951171875,3991.533203125,41951528.0
903,15796.015625,7225.3115234375,11153.5966796875,3991.533203125,41951528.0
904,15173.69140625,5830.07373046875,11021.8046875,3991.533203125,41951528.0
905,16002.4560546875,7588.40234375,11210.89453125,3991.533203125,41951528.0
906,10803.28515625,6195.458984375,10712.181640625,3991.533203125,41951528.0
907,12313.4482421875,5929.73681640625,11060.5048828125,3991.533203125,41951528.0
908,11690.3515625,7263.25537109375,11576.810546875,3991.533203125,41951528.0
909,26801.671875,7083.197265625,11752.2705078125,3991.533203125,41951528.0
910,12155.0615234375,6603.8447265625,11085.5751953125,3991.533203125,41951528.0
911,16224.5576171875,6396.1884765625,11081.60546875,3991.533203125,41951528.0
912,11645.548828125,5958.9365234375,10244.1220703125,3991.533203125,41951528.0
913,14784.4140625,7424.4453125,11284.92578125,3991.533203125,41951528.0
914,19074.083984375,7428.49365234375,11084.79296875,3991.533203125,41951528.0
915,16760.50390625,6779.39697265625,11069.369140625,3991.533203125,41951528.0
916,12324.828125,7376.4404296875,11119.4013671875,3991.533203125,41951528.0
917,13915.55859375,6549.3984375,11570.1318359375,3991.533203125,41951528.0
918,44906.68359375,7182.04150390625,11425.2158203125,3991.533203125,41951528.0
919,12568.673828125,8199.96484375,11239.234375,3991.533203125,41951528.0
920,13139.8349609375,6177.84912109375,11010.5126953125,3991.533203125,41951528.0
921,11674.83984375,6423.095703125,10987.3701171875,3991.533203125,41951528.0
922,15843.787109375,7253.19873046875,11658.5302734375,3991.533203125,41951528.0
923,10580.701171875,5857.33740234375,10655.9130859375,3991.533203125,41951528.0
924,11296.1611328125,6887.66552734375,11352.3115234375,3991.533203125,41951528.0
925,11312.7958984375,6892.9638671875,11014.0732421875,3991.533203125,41951528.0
926,12069.6201171875,6682.58740234375,10858.228515625,3991.533203125,41951528.0
927,12097.708984375,6731.095703125,10449.2021484375,3991.533203125,41951528.0
928,18358.26171875,7060.841796875,11290.3046875,3991.533203125,41951528.0
929,14578.830078125,7007.10791015625,11868.2744140625,3991.533203125,41951528.0
930,13490.2568359375,7248.1650390625,10927.2001953125,3991.533203125,41951528.0
931,14131.87109375,6488.3447265625,11375.3173828125,3991.533203125,41951528.0
932,12904.509765625,6517.5859375,11316.2666015625,3991.533203125,41951528.0
933,11854.0341796875,6294.60302734375,11031.6298828125,3991.533203125,41951528.0
934,13399.7568359375,5590.67041015625,11461.7626953125,3991.533203125,41951528.0
935,11627.6689453125,7086.35546875,11397.1689453125,3991.533203125,41951528.0
936,14727.85546875,5748.37646484375,10347.830078125,3991.533203125,41951528.0
937,12867.046875,5427.8564453125,10777.2646484375,3991.533203125,41951528.0
938,13740.6123046875,7850.44189453125,11250.828125,3991.533203125,41951528.0
939,11712.3720703125,7854.2998046875,11591.865234375,3991.533203125,41951528.0
940,16295.77734375,6018.9228515625,10635.65625,3991.533203125,41951528.0
941,22408.263671875,7584.01513671875,11807.486328125,3991.533203125,41951528.0
942,23245.18359375,6266.279296875,11816.8603515625,3991.533203125,41951528.0
943,13692.5078125,6811.67724609375,10580.373046875,3991.533203125,41951528.0
944,12034.9033203125,6831.3115234375,11413.451171875,3991.533203125,41951528.0
945,21591.099609375,6685.52197265625,11519.71875,3991.533203125,41951528.0
946,10921.474609375,6006.259765625,10401.5224609375,3991.533203125,41951528.0
947,18556.806640625,7257.79736328125,11075.3779296875,3991.533203125,41951528.0
948,11577.7822265625,7170.9716796875,11025.1123046875,3991.533203125,41951528.0
949,14837.884765625,7170.7548828125,11789.4951171875,3991.533203125,41951528.0
950,15330.1064453125,8443.1103515625,11613.740234375,3991.533203125,41951528.0
951,28549.9453125,6576.94384765625,11088.125,3991.533203125,41951528.0
952,11176.7275390625,7170.2255859375,11216.865234375,3991.533203125,41951528.0
953,12713.9736328125,7524.77685546875,11433.890625,3991.533203125,41951528.0
954,21395.78515625,7671.544921875,11792.771484375,3991.533203125,41951528.0
955,12142.130859375,7330.685546875,10807.04296875,3991.533203125,41951528.0
956,12296.8251953125,7744.06982421875,10543.64453125,3991.533203125,41951528.0
957,11496.607421875,7007.072265625,10865.1982421875,3991.533203125,41951528.0
958,13140.0859375,6811.47216796875,10747.8310546875,3991.533203125,41951528.0
959,13783.845703125,7687.87548828125,11156.8193359375,3991.533203125,41951528.0
960,14421.0791015625,6851.70947265625,11304.9638671875,3991.533203125,41951528.0
961,17262.83203125,8098.56298828125,11478.1083984375,3991.533203125,41951528.0
962,25997.4921875,5289.4990234375,11604.0048828125,3991.533203125,41951528.0
963,16456.16015625,7487.57177734375,10806.5263671875,3991.533203125,41951528.0
964,13012.529296875,7298.783203125,11098.080078125,3991.533203125,41951528.0
965,12055.888671875,7452.45263671875,10937.9140625,3991.533203125,41951528.0
966,13908.6484375,6852.8369140625,11564.6357421875,3991.533203125,41951528.0
967,13762.51953125,8540.7763671875,11219.3173828125,3991.533203125,41951528.0
968,11036.779296875,7043.31982421875,10686.3916015625,3991.533203125,41951528.0
969,18583.0859375,6726.96435546875,11931.126953125,3991.533203125,41951528.0
970,34958.48828125,6535.58544921875,11244.3046875,3991.533203125,41951528.0
971,18113.591796875,6915.06591796875,11343.7607421875,3991.533203125,41951528.0
972,13194.4033203125,6939.57861328125,10999.1064453125,3991.533203125,41951528.0
973,13079.9921875,7030.3076171875,10770.755859375,3991.533203125,41951528.0
974,31044.51171875,7087.77490234375,11516.87890625,3991.533203125,41951528.0
975,18551.791015625,6636.26171875,10666.828125,3991.533203125,41951528.0
976,13539.103515625,6639.25732421875,11055.4658203125,3991.533203125,41951528.0
977,16810.255859375,6876.89453125,11791.025390625,3991.533203125,41951528.0
978,55455.875,7428.869140625,11948.9658203125,3991.533203125,41951528.0
979,18937.294921875,7654.13525390625,11068.611328125,3991.533203125,41951528.0
980,20293.578125,8075.44873046875,11499.8828125,3991.533203125,41951528.0
981,24846.09765625,7194.11181640625,11851.576171875,3991.533203125,41951528.0
982,12849.9599609375,6792.84375,10632.0947265625,3991.533203125,41951528.0
983,16643.560546875,7010.22265625,11890.7021484375,3991.533203125,41951528.0
984,11116.578125,7201.50732421875,10591.1708984375,3991.533203125,41951528.0
985,10961.2177734375,8226.4658203125,10769.09375,3991.533203125,41951528.0
986,11788.087890625,7402.41455078125,10803.6220703125,3991.533203125,41951528.0
987,12483.775390625,7497.4755859375,11253.7705078125,3991.533203125,41951528.0
988,40900.234375,7969.91552734375,11319.4638671875,3991.533203125,41951528.0
989,20494.580078125,7567.49951171875,11643.9814453125,3991.533203125,41951528.0
990,22418.625,6230.1474609375,11155.248046875,3991.533203125,41951528.0
991,42470.4296875,7528.52685546875,11189.7119140625,3991.533203125,41951528.0
992,12535.1083984375,6442.57373046875,11329.9521484375,3991.533203125,41951528.0
993,12170.9755859375,6809.591796875,11567.728515625,3991.533203125,41951528.0
994,22764.2265625,6899.9814453125,10973.7578125,3991.533203125,41951528.0
995,34593.71875,7432.359375,11298.6953125,3991.533203125,41951528.0
996,13584.6865234375,4579.1162109375,11272.333984375,3991.533203125,41951528.0
997,18340.8671875,6405.9736328125,11503.9453125,3991.533203125,41951528.0
998,13980.51171875,7263.34033203125,10969.24609375,3991.533203125,41951528.0
999,16654.63671875,6669.71044921875,11046.71484375,3991.533203125,41951528.0
1000,17166.87890625,7324.99658203125,10999.1728515625,3991.533203125,41951528.0
