iter,pop_best_eval,mean_eval,median_eval,best_eval,worst_eval
1,2520.69775390625,3011.31982421875,2890.000244140625,2520.69775390625,3965.0
2,2600.0,7912.8154296875,10682.0,2520.69775390625,11557.0
3,2340.0,4117.5068359375,3510.0,2340.0,11557.0
4,2570.0,3230.038818359375,2920.0,2340.0,11557.0
5,2730.0,3281.87353515625,3193.734130859375,2340.0,11557.0
6,1942.5267333984375,3235.06103515625,3230.0,1942.5267333984375,11557.0
7,1545.0635986328125,2832.984375,2878.77197265625,1545.0635986328125,11557.0
8,2265.0,4684.7822265625,3090.0,1545.0635986328125,11572.0
9,2063.469970703125,3189.93212890625,2965.0,1545.0635986328125,11572.0
10,2155.011962890625,4112.2744140625,3425.0,1545.0635986328125,11572.0
11,2740.0,3386.081298828125,3239.60693359375,1545.0635986328125,11572.0
12,2315.0,2840.525634765625,2570.0,1545.0635986328125,11572.0
13,1855.0,4117.1689453125,3505.0,1545.0635986328125,11792.0
14,1840.00390625,3155.25634765625,3105.0,1545.0635986328125,11792.0
15,2610.0,3862.724609375,3075.00048828125,1545.0635986328125,11792.0
16,2495.2939453125,4140.8623046875,3365.0,1545.0635986328125,11792.0
17,2140.0,4028.44189453125,3225.0,1545.0635986328125,11792.0
18,2025.0,3087.5,3025.0,1545.0635986328125,11792.0
19,2510.0,3866.27734375,2820.0,1545.0635986328125,11792.0
20,2620.0,3351.00244140625,3270.0,1545.0635986328125,11792.0
21,2685.0,3313.5,3050.0,1545.0635986328125,11792.0
22,2675.041015625,3670.00390625,3130.0,1545.0635986328125,11792.0
23,2195.0,3437.04541015625,3485.0,1545.0635986328125,11792.0
24,2725.0,6385.16845703125,3685.21044921875,1545.0635986328125,11792.0
25,1670.0,3810.42431640625,3187.2421875,1545.0635986328125,11792.0
26,2410.0,3055.0,3115.0,1545.0635986328125,11792.0
27,2880.0,3250.0,3235.0,1545.0635986328125,11792.0
28,2480.0,3084.0,2800.0,1545.0635986328125,11792.0
29,1700.0,4356.40234375,2565.0,1545.0635986328125,11792.0
30,2045.0,3019.0,2825.0,1545.0635986328125,11792.0
31,2290.0,3981.699951171875,3170.0,1545.0635986328125,11792.0
32,2350.54443359375,7008.62255859375,5862.0,1545.0635986328125,12282.0
33,2170.0,2888.5,2870.0,1545.0635986328125,12282.0
34,2310.0,4075.39990234375,2950.0,1545.0635986328125,12282.0
35,2360.0,7061.28759765625,3740.0,1545.0635986328125,12282.0
36,2650.0,4104.10009765625,3470.0,1545.0635986328125,12282.0
37,1971.0845947265625,4680.3505859375,3125.0,1545.0635986328125,12437.0
38,1810.0,4622.75927734375,3110.33740234375,1545.0635986328125,12437.0
39,1880.6337890625,3404.752685546875,2953.342041015625,1545.0635986328125,12437.0
40,1997.423095703125,8341.4013671875,9145.51953125,1545.0635986328125,12437.0
41,2125.723388671875,3962.2734375,3085.0,1545.0635986328125,12437.0
42,2365.0,2959.97412109375,2880.033203125,1545.0635986328125,12437.0
43,2545.0,3389.50341796875,3230.0,1545.0635986328125,12437.0
44,2585.0,3317.0,3265.0,1545.0635986328125,12437.0
45,3320.8994140625,7894.71728515625,7520.0,1545.0635986328125,12437.0
46,2231.666748046875,6131.494140625,3996.886962890625,1545.0635986328125,12497.0
47,2575.0,6449.294921875,3880.0,1545.0635986328125,12497.0
48,2210.0,3025.5,2840.0,1545.0635986328125,12497.0
49,3395.72705078125,8239.4580078125,9255.1083984375,1545.0635986328125,12497.0
50,2347.775390625,4167.2236328125,3611.2138671875,1545.0635986328125,12497.0
51,2593.910400390625,5894.9619140625,5911.42578125,1545.0635986328125,12497.0
52,2371.817138671875,3607.43994140625,3550.0,1545.0635986328125,12497.0
53,2329.4150390625,3116.43701171875,2946.871826171875,1545.0635986328125,12497.0
54,2926.96484375,7948.0224609375,7452.20458984375,1545.0635986328125,12497.0
55,3599.3017578125,8528.904296875,8024.7578125,1545.0635986328125,12497.0
56,2275.0,3165.5,2980.0,1545.0635986328125,12497.0
57,2656.35498046875,5000.3056640625,3685.0,1545.0635986328125,12497.0
58,2511.7060546875,6322.544921875,3992.974609375,1545.0635986328125,12497.0
59,2455.0,4432.1689453125,3103.259765625,1545.0635986328125,12497.0
60,1985.1912841796875,5092.015625,3686.50390625,1545.0635986328125,12497.0
61,2323.89208984375,5207.5244140625,3505.52880859375,1545.0635986328125,12497.0
62,2270.001708984375,2968.637451171875,2735.0,1545.0635986328125,12497.0
63,2490.0,3126.0,2975.0,1545.0635986328125,12497.0
64,2670.0,3256.0,3080.0,1545.0635986328125,12497.0
65,1790.0,3129.10009765625,3050.0,1545.0635986328125,12497.0
66,2177.555908203125,5372.4501953125,3893.91748046875,1545.0635986328125,12497.0
67,2437.050048828125,7150.4873046875,4963.3095703125,1545.0635986328125,12497.0
68,2230.0,3126.5,3270.0,1545.0635986328125,12497.0
69,2950.0,4999.98876953125,3957.630615234375,1545.0635986328125,12497.0
70,2750.000244140625,5013.6943359375,3874.872314453125,1545.0635986328125,12497.0
71,2375.000732421875,2931.530029296875,2905.0,1545.0635986328125,12497.0
72,2085.0,5861.80615234375,4703.12109375,1545.0635986328125,12497.0
73,2047.3807373046875,4374.0986328125,3245.0,1545.0635986328125,12497.0
74,2555.24365234375,7131.93603515625,3960.0,1545.0635986328125,12497.0
75,2400.020263671875,3197.57275390625,2945.0,1545.0635986328125,12497.0
76,2161.61572265625,3241.382080078125,3217.435791015625,1545.0635986328125,12497.0
77,2301.87548828125,3137.6875,3065.0,1545.0635986328125,12497.0
78,2088.2763671875,3022.377685546875,2664.919677734375,1545.0635986328125,12497.0
79,2789.555908203125,5653.3505859375,5123.14501953125,1545.0635986328125,12497.0
80,2180.0,3348.0,3260.0,1545.0635986328125,12497.0
81,2264.19677734375,4917.9267578125,3924.236328125,1545.0635986328125,12497.0
82,3008.818115234375,6775.83203125,6568.72705078125,1545.0635986328125,12497.0
83,1470.0,4568.1943359375,3086.8876953125,1470.0,12497.0
84,2535.0,5220.70068359375,3750.0,1470.0,12497.0
85,1961.5252685546875,3429.630126953125,3015.0,1470.0,12497.0
86,2195.0,3116.24609375,2687.110107421875,1470.0,12497.0
87,2101.056884765625,3236.899658203125,3165.0,1470.0,12497.0
88,2790.00439453125,5329.7060546875,3213.212158203125,1470.0,12497.0
89,2193.143310546875,3686.75634765625,3035.0,1470.0,12497.0
90,2325.0,3139.4794921875,3200.0,1470.0,12497.0
91,1780.0,3507.635986328125,2911.033447265625,1470.0,12497.0
92,2328.64599609375,3521.112060546875,3149.983642578125,1470.0,12497.0
93,1990.894287109375,4852.62353515625,3795.268798828125,1470.0,12497.0
94,2745.86865234375,4178.2587890625,3443.095703125,1470.0,12497.0
95,2655.0,3496.13330078125,3388.818603515625,1470.0,12497.0
96,2260.18896484375,3059.894287109375,3000.0,1470.0,12497.0
97,2365.0,3030.0,2805.0,1470.0,12497.0
98,2156.07861328125,3330.242919921875,3280.017333984375,1470.0,12497.0
99,2320.0,3134.686279296875,2976.863525390625,1470.0,12497.0
100,2400.0,3118.51318359375,2905.0,1470.0,12497.0
101,3066.234130859375,6658.0283203125,4244.20556640625,1470.0,12497.0
102,1940.0,2850.5,2820.0,1470.0,12497.0
103,2230.807373046875,3981.56689453125,3207.679443359375,1470.0,12497.0
104,2218.76416015625,5410.4638671875,3503.6962890625,1470.0,12497.0
105,1944.35595703125,3648.003173828125,3101.42431640625,1470.0,12497.0
106,2513.071533203125,3495.100830078125,3246.203369140625,1470.0,12497.0
107,2219.67138671875,4560.01708984375,3444.592529296875,1470.0,12497.0
108,2365.0,4632.8671875,2835.3486328125,1470.0,12497.0
109,2490.0,3525.16796875,3081.462890625,1470.0,12497.0
110,2691.358154296875,5579.7197265625,3607.54345703125,1470.0,12959.03125
111,2350.0,5466.67626953125,3171.8623046875,1470.0,12959.03125
112,2880.0,5067.7646484375,3582.0,1470.0,12959.03125
113,2280.0,3875.81201171875,2916.120849609375,1470.0,12959.03125
114,2335.0,7311.3671875,4300.1884765625,1470.0,12959.03125
115,1758.10302734375,4008.599609375,3475.0625,1470.0,12959.03125
116,2192.95458984375,2960.055908203125,2865.0,1470.0,12959.03125
117,1931.17333984375,3374.135986328125,3084.573486328125,1470.0,12959.03125
118,2415.0,3250.898193359375,3135.00146484375,1470.0,12959.03125
119,2788.188232421875,3652.17626953125,3088.63671875,1470.0,12959.03125
120,2310.110595703125,2964.318359375,2647.09814453125,1470.0,12959.03125
121,2107.6591796875,4384.91162109375,3328.7021484375,1470.0,12959.03125
122,2465.364990234375,3298.4296875,3115.455078125,1470.0,12959.03125
123,2766.322998046875,4080.92236328125,3340.715576171875,1470.0,12959.03125
124,2871.443359375,7725.65234375,6394.2705078125,1470.0,18326.05859375
125,1993.182861328125,3012.96435546875,2865.546875,1470.0,18326.05859375
126,3031.760498046875,5146.46923828125,4922.75048828125,1470.0,18326.05859375
127,2225.686767578125,3059.742919921875,2976.035400390625,1470.0,18326.05859375
128,3210.17919921875,4498.42236328125,3755.180419921875,1470.0,18326.05859375
129,2735.278076171875,4149.8212890625,3796.849365234375,1470.0,18326.05859375
130,2475.005615234375,3152.885498046875,3186.115966796875,1470.0,18326.05859375
131,2395.0,3819.487548828125,3785.239013671875,1470.0,18326.05859375
132,2090.048828125,3837.607421875,2885.0,1470.0,18326.05859375
133,2435.0,4015.032470703125,3080.703125,1470.0,18326.05859375
134,2667.9609375,4576.0791015625,4357.6787109375,1470.0,18326.05859375
135,1947.038330078125,3386.14208984375,3258.74560546875,1470.0,18326.05859375
136,2515.25439453125,3080.033447265625,3074.466064453125,1470.0,18326.05859375
137,3109.54833984375,4808.50927734375,4080.437744140625,1470.0,18326.05859375
138,2722.864013671875,3905.181640625,3035.012451171875,1470.0,18326.05859375
139,2527.40869140625,3404.00439453125,3040.024169921875,1470.0,18326.05859375
140,2298.290771484375,3086.6064453125,3121.576171875,1470.0,18326.05859375
141,3185.94189453125,5217.90283203125,3946.443359375,1470.0,18326.05859375
142,2082.079345703125,3245.82421875,2961.900634765625,1470.0,18326.05859375
143,3342.58984375,7413.3134765625,5049.2919921875,1470.0,18326.05859375
144,2774.963623046875,8431.8876953125,6314.01904296875,1470.0,25245.2421875
145,2386.276123046875,4488.390625,3474.690185546875,1470.0,25245.2421875
146,2630.087158203125,4822.2705078125,3552.31494140625,1470.0,25245.2421875
147,2715.75927734375,4373.9736328125,3311.294677734375,1470.0,25245.2421875
148,2491.410888671875,2898.412353515625,2820.366455078125,1470.0,25245.2421875
149,1915.669921875,4505.322265625,3155.76904296875,1470.0,25245.2421875
150,2110.7861328125,2776.36865234375,2704.115234375,1470.0,25245.2421875
151,2258.13037109375,3010.744140625,2662.583740234375,1470.0,25245.2421875
152,2346.804443359375,3110.700927734375,2928.046142578125,1470.0,25245.2421875
153,2736.1748046875,4295.5634765625,3520.7314453125,1470.0,25245.2421875
154,2455.745849609375,3110.814208984375,2926.831298828125,1470.0,25245.2421875
155,2127.109619140625,3045.75,2795.162841796875,1470.0,25245.2421875
156,2296.322509765625,3890.09619140625,2988.713623046875,1470.0,25245.2421875
157,2586.617431640625,2937.6201171875,2923.5390625,1470.0,25245.2421875
158,2720.12109375,4659.126953125,3661.955078125,1470.0,25245.2421875
159,1735.256103515625,3942.421142578125,3352.2236328125,1470.0,25245.2421875
160,2556.62890625,3437.468017578125,3431.54150390625,1470.0,25245.2421875
161,2429.118408203125,4549.0888671875,3531.586181640625,1470.0,25245.2421875
162,2407.239013671875,3417.709716796875,3385.08056640625,1470.0,25245.2421875
163,2522.95556640625,4152.62451171875,3330.002197265625,1470.0,25245.2421875
164,2325.0,3758.009765625,3788.42431640625,1470.0,25245.2421875
165,1970.3951416015625,4423.24951171875,3640.0,1470.0,25245.2421875
166,2329.364501953125,3278.51416015625,3330.660400390625,1470.0,25245.2421875
167,1805.263427734375,2971.388916015625,3060.0,1470.0,25245.2421875
168,2523.4111328125,3371.240966796875,3365.3994140625,1470.0,25245.2421875
169,2805.052734375,5301.38916015625,3945.094970703125,1470.0,25245.2421875
170,2310.00732421875,3852.84912109375,3015.212646484375,1470.0,25245.2421875
171,2670.0,4459.54638671875,3305.0,1470.0,25245.2421875
172,2615.0,3440.91015625,3300.0,1470.0,25245.2421875
173,2210.249267578125,3385.83154296875,3015.000244140625,1470.0,25245.2421875
174,2430.000244140625,3867.747314453125,2845.0,1470.0,25245.2421875
175,2880.0,4324.81005859375,3540.0,1470.0,25245.2421875
176,2582.08642578125,8432.7119140625,9776.9765625,1470.0,25245.2421875
177,2340.0,2900.05810546875,2703.287353515625,1470.0,25245.2421875
178,1978.1788330078125,3967.751953125,3163.942138671875,1470.0,25245.2421875
179,5191.3115234375,10567.333984375,11032.0,1470.0,25245.2421875
180,6654.1767578125,10270.26953125,10687.0,1470.0,25245.2421875
181,2926.677490234375,7266.14599609375,4893.6181640625,1470.0,25245.2421875
182,4248.3916015625,9538.912109375,10177.4912109375,1470.0,25245.2421875
183,2555.0,5514.11572265625,3422.35693359375,1470.0,25245.2421875
184,3029.684814453125,7766.1904296875,7083.25,1470.0,25245.2421875
185,3397.94580078125,9817.107421875,10062.5205078125,1470.0,25245.2421875
186,4209.9287109375,9369.2802734375,9367.1640625,1470.0,25245.2421875
187,1750.47900390625,3869.803955078125,3369.259033203125,1470.0,25245.2421875
188,2487.764404296875,7036.15869140625,8014.14208984375,1470.0,25245.2421875
189,2777.5263671875,6786.8017578125,5509.86279296875,1470.0,25245.2421875
190,2335.0,3661.635498046875,3210.0,1470.0,25245.2421875
191,2224.859375,3058.58837890625,2980.291015625,1470.0,25245.2421875
192,2473.905029296875,2897.28076171875,2665.0,1470.0,25245.2421875
193,4874.55712890625,8544.5263671875,8218.19921875,1470.0,25245.2421875
194,1747.30517578125,2803.86181640625,2675.0,1470.0,25245.2421875
195,2977.617431640625,4701.33544921875,3960.42626953125,1470.0,25245.2421875
196,2015.0430908203125,4553.55224609375,3286.922119140625,1470.0,25245.2421875
197,2121.994384765625,3061.1650390625,2876.3671875,1470.0,25245.2421875
198,2115.0,3155.699951171875,3175.0,1470.0,25245.2421875
199,2417.316162109375,5246.49951171875,3951.96875,1470.0,25245.2421875
200,3959.629150390625,8003.92041015625,8013.943359375,1470.0,25245.2421875
201,3008.85986328125,8829.279296875,9352.0458984375,1470.0,25245.2421875
202,3353.205810546875,7184.41552734375,7037.7998046875,1470.0,25245.2421875
203,1905.6611328125,6674.1826171875,6160.072265625,1470.0,25245.2421875
204,2305.0,2967.03125,2895.0,1470.0,25245.2421875
205,3448.65576171875,7416.01806640625,6104.6494140625,1470.0,25245.2421875
206,2720.791015625,4311.77880859375,3615.0830078125,1470.0,25245.2421875
207,2545.2734375,5294.88330078125,3243.311279296875,1470.0,25245.2421875
208,2268.01708984375,5262.62841796875,3010.697265625,1470.0,25245.2421875
209,3133.5107421875,5585.978515625,4115.4609375,1470.0,25245.2421875
210,2265.4501953125,3149.445068359375,3118.390869140625,1470.0,25245.2421875
211,2782.38037109375,7302.65869140625,6294.0087890625,1470.0,25245.2421875
212,2586.365966796875,3505.154296875,3006.40283203125,1470.0,25245.2421875
213,2526.86474609375,4096.02587890625,3406.04541015625,1470.0,25245.2421875
214,2396.9951171875,3948.518310546875,3666.27294921875,1470.0,25245.2421875
215,2226.6591796875,4235.3916015625,2856.03857421875,1470.0,25245.2421875
216,1800.0,3266.025390625,3250.0,1470.0,25245.2421875
217,1710.8204345703125,3289.08203125,3240.0,1470.0,25245.2421875
218,2285.069091796875,3401.498779296875,3001.816162109375,1470.0,25245.2421875
219,2334.9453125,7857.66796875,8100.0703125,1470.0,25245.2421875
220,2085.661376953125,3142.90234375,2720.0,1470.0,25245.2421875
221,2138.34228515625,4892.26806640625,3370.645751953125,1470.0,25245.2421875
222,2235.316650390625,3028.074951171875,2810.0,1470.0,25245.2421875
223,6413.67138671875,8920.0693359375,8484.1328125,1470.0,25245.2421875
224,2046.5621337890625,3000.03662109375,3051.418701171875,1470.0,25245.2421875
225,2405.59326171875,4604.40185546875,3474.4541015625,1470.0,25245.2421875
226,4555.90771484375,9069.9326171875,10360.7333984375,1470.0,25245.2421875
227,1947.717529296875,5798.76708984375,4162.107421875,1470.0,25245.2421875
228,3160.584716796875,5810.8798828125,4079.446533203125,1470.0,25245.2421875
229,2045.819091796875,3916.4921875,3678.4677734375,1470.0,25245.2421875
230,2365.0,3789.770263671875,2975.0,1470.0,25245.2421875
231,2205.044921875,2982.5048828125,2955.0,1470.0,25245.2421875
232,2955.031494140625,4988.6640625,3991.738037109375,1470.0,25245.2421875
233,2938.086181640625,6196.3466796875,5095.080078125,1470.0,25245.2421875
234,2195.055419921875,4532.37646484375,2932.279541015625,1470.0,25245.2421875
235,2235.16552734375,3707.680419921875,2625.0078125,1470.0,25245.2421875
236,1950.2559814453125,2995.112548828125,3035.0,1470.0,25245.2421875
237,2170.0029296875,3480.837890625,2856.2900390625,1470.0,25245.2421875
238,2320.127685546875,2933.6953125,2840.0,1470.0,25245.2421875
239,2657.00146484375,6967.38427734375,5465.0,1470.0,25245.2421875
240,2275.036376953125,2999.169677734375,2990.0,1470.0,25245.2421875
241,1830.1871337890625,3001.07958984375,2899.888427734375,1470.0,25245.2421875
242,2530.0,2941.22314453125,2840.619140625,1470.0,25245.2421875
243,2544.490478515625,3235.761962890625,3255.425048828125,1470.0,25245.2421875
244,2877.98681640625,5472.71630859375,4429.60791015625,1470.0,25245.2421875
245,2336.835205078125,6182.9150390625,5750.75927734375,1470.0,25245.2421875
246,2640.753173828125,5259.91162109375,4565.9951171875,1470.0,25245.2421875
247,2263.2509765625,4121.50146484375,4142.837890625,1470.0,25245.2421875
248,2652.38134765625,4283.6806640625,4122.48583984375,1470.0,25245.2421875
249,1750.0,3267.94970703125,2736.061767578125,1470.0,25245.2421875
250,2720.47412109375,3981.09375,3680.0,1470.0,25245.2421875
251,1900.0,2969.659912109375,2890.77685546875,1470.0,25245.2421875
252,2158.84375,3124.21484375,3085.051025390625,1470.0,25245.2421875
253,2730.105224609375,3273.288330078125,3162.64990234375,1470.0,25245.2421875
254,3204.314697265625,3633.233642578125,3504.934814453125,1470.0,25245.2421875
255,2343.16943359375,4430.89697265625,3195.44677734375,1470.0,25245.2421875
256,2936.214111328125,5805.9443359375,3793.259765625,1470.0,25245.2421875
257,2451.173828125,3063.82275390625,2906.214111328125,1470.0,25245.2421875
258,2275.0439453125,3163.822265625,3108.986083984375,1470.0,25245.2421875
259,2510.0,3261.52587890625,3305.00146484375,1470.0,25245.2421875
260,2618.606689453125,4747.84033203125,4159.52490234375,1470.0,25245.2421875
261,2110.0,2998.2255859375,3030.0283203125,1470.0,25245.2421875
262,2597.0,3165.37744140625,3105.524658203125,1470.0,25245.2421875
263,2295.0,2985.5107421875,2930.0,1470.0,25245.2421875
264,2830.0,3449.92041015625,3385.0107421875,1470.0,25245.2421875
265,2720.198486328125,3204.912841796875,3221.80615234375,1470.0,25245.2421875
266,2386.461181640625,2956.179443359375,2995.0,1470.0,25245.2421875
267,2656.100830078125,5684.28515625,4877.34228515625,1470.0,25245.2421875
268,2020.0,2937.228515625,2980.025146484375,1470.0,25245.2421875
269,1964.521728515625,4151.5712890625,3753.94580078125,1470.0,25245.2421875
270,2095.09912109375,3175.23876953125,3100.0,1470.0,25245.2421875
271,2656.526123046875,3129.972412109375,3130.0,1470.0,25245.2421875
272,2085.330322265625,2967.38720703125,2930.00390625,1470.0,25245.2421875
273,2898.1279296875,4283.16357421875,3440.570556640625,1470.0,25245.2421875
274,2010.6827392578125,2992.985107421875,2985.774169921875,1470.0,25245.2421875
275,3540.85791015625,7391.02490234375,7034.466796875,1470.0,25245.2421875
276,2118.221923828125,2944.41796875,2920.1435546875,1470.0,25245.2421875
277,2282.493896484375,3129.2373046875,3004.0048828125,1470.0,25245.2421875
278,2625.08154296875,2990.60986328125,2950.0,1470.0,25245.2421875
279,2212.883544921875,3391.94091796875,3349.996337890625,1470.0,25245.2421875
280,2440.0,2883.4921875,2895.0,1470.0,25245.2421875
281,2330.434814453125,2999.4541015625,2900.0,1470.0,25245.2421875
282,1686.7452392578125,2781.549072265625,2845.02197265625,1470.0,25245.2421875
283,2195.701171875,3086.037109375,3077.957275390625,1470.0,25245.2421875
284,3424.567626953125,7258.9619140625,6054.189453125,1470.0,25245.2421875
285,2150.00146484375,2959.370361328125,2985.008056640625,1470.0,25245.2421875
286,2860.023193359375,3594.901611328125,3897.051513671875,1470.0,25245.2421875
287,2092.2490234375,2876.40771484375,2804.07080078125,1470.0,25245.2421875
288,2807.093994140625,6454.787109375,5757.0087890625,1470.0,25245.2421875
289,2998.412109375,5942.81689453125,4546.11328125,1470.0,25245.2421875
290,3128.5009765625,6799.95556640625,6978.78515625,1470.0,25245.2421875
291,2327.1767578125,4410.67431640625,3510.707763671875,1470.0,25245.2421875
292,2253.871337890625,3572.83251953125,3042.423583984375,1470.0,25245.2421875
293,2414.197265625,4510.70458984375,3135.1640625,1470.0,25245.2421875
294,3191.222900390625,6817.55224609375,6221.22509765625,1470.0,25245.2421875
295,2460.11328125,3015.8662109375,2837.29541015625,1470.0,25245.2421875
296,2816.769287109375,5219.48095703125,4498.27587890625,1470.0,25245.2421875
297,2235.0,3029.832763671875,2892.9365234375,1470.0,25245.2421875
298,3998.751220703125,7081.7392578125,6015.90576171875,1470.0,25245.2421875
299,2839.84912109375,4332.03369140625,3595.56494140625,1470.0,25245.2421875
300,2591.3291015625,5791.1259765625,4434.6171875,1470.0,25245.2421875
301,2201.51708984375,4122.8115234375,4158.478515625,1470.0,25245.2421875
302,2655.8349609375,4659.87939453125,3574.1005859375,1470.0,25245.2421875
303,2004.20947265625,2840.29150390625,2896.30810546875,1470.0,25245.2421875
304,2606.236572265625,3286.395263671875,3378.77587890625,1470.0,25245.2421875
305,2235.458740234375,3092.5859375,3105.55322265625,1470.0,25245.2421875
306,2869.42724609375,5036.2587890625,4128.2373046875,1470.0,25245.2421875
307,2586.591796875,3089.980712890625,3051.105712890625,1470.0,25245.2421875
308,2220.73876953125,3174.328125,2888.636962890625,1470.0,25245.2421875
309,2465.017333984375,3127.745849609375,3024.63232421875,1470.0,25245.2421875
310,2647.099365234375,3410.526123046875,3140.0,1470.0,25245.2421875
311,2099.982666015625,3212.456787109375,2915.028076171875,1470.0,25245.2421875
312,2166.033935546875,3031.46533203125,2985.13916015625,1470.0,25245.2421875
313,2473.01513671875,5094.40625,4644.34765625,1470.0,25245.2421875
314,2629.66015625,4002.2890625,3331.05615234375,1470.0,25245.2421875
315,2732.3828125,3480.087158203125,3237.100830078125,1470.0,25245.2421875
316,2825.0,5402.18505859375,3152.044677734375,1470.0,25245.2421875
317,2415.983642578125,3326.409423828125,3246.072509765625,1470.0,25245.2421875
318,2435.8212890625,3130.671875,3186.43359375,1470.0,25245.2421875
319,2210.0,4725.84375,3755.09814453125,1470.0,25245.2421875
320,2365.0,2997.673583984375,2801.56494140625,1470.0,25245.2421875
321,2497.982177734375,4290.30908203125,3505.115234375,1470.0,25245.2421875
322,2068.093994140625,3703.12255859375,3232.152587890625,1470.0,25245.2421875
323,1706.4512939453125,3933.44970703125,3051.07568359375,1470.0,25245.2421875
324,1809.301025390625,3281.95947265625,3251.76611328125,1470.0,25245.2421875
325,2435.402587890625,3123.7998046875,3229.5634765625,1470.0,25245.2421875
326,2158.760009765625,3211.51123046875,3037.0,1470.0,25245.2421875
327,2508.9521484375,3304.501220703125,2877.98193359375,1470.0,25245.2421875
328,2422.018310546875,2919.823486328125,2752.2490234375,1470.0,25245.2421875
329,1731.457275390625,2658.014892578125,2522.90380859375,1470.0,25245.2421875
330,2295.08837890625,2907.58544921875,2979.369384765625,1470.0,25245.2421875
331,2045.007568359375,2739.39453125,2765.176513671875,1470.0,25245.2421875
332,1748.789306640625,5206.220703125,4998.2919921875,1470.0,25245.2421875
333,1734.19287109375,3147.36669921875,3040.311767578125,1470.0,25245.2421875
334,2512.188720703125,3104.225341796875,3205.849853515625,1470.0,25245.2421875
335,2003.0,2933.634521484375,2540.88818359375,1470.0,25245.2421875
336,2123.395263671875,3834.60009765625,3265.7138671875,1470.0,25245.2421875
337,2560.43798828125,3179.366455078125,2799.151611328125,1470.0,25245.2421875
338,2425.0,3053.94482421875,2922.865234375,1470.0,25245.2421875
339,2225.0,2983.72314453125,2780.001708984375,1470.0,25245.2421875
340,2131.112060546875,3174.46240234375,3085.0,1470.0,25245.2421875
341,2051.4853515625,2883.787841796875,2900.0,1470.0,25245.2421875
342,2681.28271484375,5125.71337890625,4003.45068359375,1470.0,25245.2421875
343,1678.7076416015625,2752.50439453125,2685.0,1470.0,25245.2421875
344,1763.493408203125,2741.885009765625,2744.004150390625,1470.0,25245.2421875
345,2197.062255859375,4433.18896484375,3230.003662109375,1470.0,25245.2421875
346,1717.9971923828125,3346.97509765625,2626.599365234375,1470.0,25245.2421875
347,2267.719970703125,7138.3232421875,7248.65625,1470.0,25245.2421875
348,2232.814697265625,5201.341796875,3737.41748046875,1470.0,25245.2421875
349,2209.0,2786.11767578125,2792.61328125,1470.0,25245.2421875
350,2345.2763671875,3528.258544921875,3027.763671875,1470.0,25245.2421875
351,1892.274658203125,2499.89794921875,2389.6943359375,1470.0,25245.2421875
352,1780.964599609375,4622.42822265625,3438.556396484375,1470.0,25245.2421875
353,2339.259033203125,3352.03955078125,3478.230224609375,1470.0,25245.2421875
354,1873.49267578125,4152.6328125,3626.61669921875,1470.0,25245.2421875
355,1966.31005859375,3556.13818359375,2662.292724609375,1470.0,25245.2421875
356,2273.693359375,4925.4853515625,3437.7275390625,1470.0,25245.2421875
357,1957.7686767578125,5612.5390625,4456.19140625,1470.0,25245.2421875
358,2454.6787109375,4230.2939453125,3827.570068359375,1470.0,25245.2421875
359,1787.1923828125,4609.94287109375,3785.30224609375,1470.0,25245.2421875
360,1993.5096435546875,3264.98583984375,3236.147216796875,1470.0,25245.2421875
361,2416.037841796875,4913.6181640625,2700.001220703125,1470.0,25245.2421875
362,2500.001708984375,3941.681640625,3170.23583984375,1470.0,25245.2421875
363,1547.266845703125,2660.00634765625,2613.359130859375,1470.0,25245.2421875
364,1977.6500244140625,3438.434326171875,2686.1025390625,1470.0,25245.2421875
365,1966.951171875,2857.2333984375,2817.755126953125,1470.0,25245.2421875
366,2432.559326171875,3011.78564453125,2906.985107421875,1470.0,25245.2421875
367,2066.210693359375,2997.804931640625,2932.68408203125,1470.0,25245.2421875
368,2473.513671875,3543.82470703125,3521.22705078125,1470.0,25245.2421875
369,2405.0,3005.08203125,2958.35546875,1470.0,25245.2421875
370,2345.246826171875,2979.58349609375,2795.00634765625,1470.0,25245.2421875
371,2160.0,2742.00732421875,2702.1845703125,1470.0,25245.2421875
372,2309.008544921875,2873.92431640625,2620.0,1470.0,25245.2421875
373,2060.105712890625,4386.068359375,3039.42041015625,1470.0,25245.2421875
374,2100.10302734375,2612.202880859375,2341.00537109375,1470.0,25245.2421875
375,2315.662353515625,2854.89892578125,2895.136962890625,1470.0,25245.2421875
376,2095.112060546875,4742.2490234375,3365.025390625,1470.0,25245.2421875
377,2305.947021484375,4887.0185546875,3318.0,1470.0,25245.2421875
378,2495.0,3986.95654296875,3346.23876953125,1470.0,25245.2421875
379,2401.646728515625,3565.253173828125,3282.162841796875,1470.0,25245.2421875
380,1883.50927734375,3477.16796875,2683.023681640625,1470.0,25245.2421875
381,2111.310546875,2900.56787109375,2783.356689453125,1470.0,25245.2421875
382,1992.0,2865.322265625,2785.0,1470.0,25245.2421875
383,1963.0052490234375,2925.57275390625,2920.000244140625,1470.0,25245.2421875
384,1929.671875,4139.666015625,2954.16650390625,1470.0,25245.2421875
385,2317.52294921875,3328.151123046875,3224.1171875,1470.0,25245.2421875
386,2143.111572265625,2917.4541015625,2571.5224609375,1470.0,25245.2421875
387,2143.448486328125,2939.656982421875,2899.945556640625,1470.0,25245.2421875
388,1944.253662109375,2814.18994140625,2386.03076171875,1470.0,25245.2421875
389,1459.6932373046875,3966.831298828125,3569.087890625,1459.6932373046875,25245.2421875
390,1959.78076171875,3406.010498046875,3156.81591796875,1459.6932373046875,25245.2421875
391,2011.4759521484375,3448.219482421875,3210.818115234375,1459.6932373046875,25245.2421875
392,3127.116943359375,7470.484375,6836.935546875,1459.6932373046875,25245.2421875
393,2414.467041015625,5911.55517578125,4602.0478515625,1459.6932373046875,25245.2421875
394,2426.68115234375,5342.6787109375,2809.700439453125,1459.6932373046875,25245.2421875
395,2074.858154296875,5294.14892578125,3644.2138671875,1459.6932373046875,25245.2421875
396,1370.03466796875,2925.793212890625,2511.79833984375,1370.03466796875,25245.2421875
397,2271.435791015625,4038.504638671875,3193.123046875,1370.03466796875,25245.2421875
398,2485.31103515625,3396.79443359375,3047.92724609375,1370.03466796875,25245.2421875
399,2335.813232421875,2846.03955078125,2855.0,1370.03466796875,25245.2421875
400,2006.72314453125,3500.455078125,2585.0,1370.03466796875,25245.2421875
401,2017.86279296875,2700.370361328125,2583.42626953125,1370.03466796875,25245.2421875
402,2121.60595703125,3233.140625,2995.33349609375,1370.03466796875,25245.2421875
403,2508.2568359375,3653.98291015625,3390.64501953125,1370.03466796875,25245.2421875
404,1899.3177490234375,3704.051513671875,3352.210205078125,1370.03466796875,25245.2421875
405,2119.76318359375,5760.5947265625,5093.3291015625,1370.03466796875,25245.2421875
406,2278.89453125,2819.71337890625,2714.778564453125,1370.03466796875,25245.2421875
407,1878.579833984375,2845.79443359375,2891.576904296875,1370.03466796875,25245.2421875
408,2010.6380615234375,2806.00048828125,2480.0,1370.03466796875,25245.2421875
409,2190.774658203125,2929.907958984375,2601.248291015625,1370.03466796875,25245.2421875
410,1651.613525390625,2559.01220703125,2478.57421875,1370.03466796875,25245.2421875
411,1364.346435546875,2319.999267578125,2220.038818359375,1364.346435546875,25245.2421875
412,4208.2783203125,8327.953125,7782.14208984375,1364.346435546875,25245.2421875
413,4633.125,6665.47802734375,6028.85009765625,1364.346435546875,25245.2421875
414,1924.541748046875,3038.803955078125,2750.094482421875,1364.346435546875,25245.2421875
415,1956.5889892578125,2666.61767578125,2602.176513671875,1364.346435546875,25245.2421875
416,2469.70703125,5200.5361328125,3525.47216796875,1364.346435546875,25245.2421875
417,2918.25634765625,5722.27685546875,4548.5498046875,1364.346435546875,25245.2421875
418,2171.36376953125,5454.52197265625,3769.671630859375,1364.346435546875,25245.2421875
419,2432.2646484375,3518.557373046875,2873.555908203125,1364.346435546875,25245.2421875
420,1956.0,2732.941650390625,2426.32080078125,1364.346435546875,25245.2421875
421,2047.6568603515625,2749.638916015625,2350.34814453125,1364.346435546875,25245.2421875
422,2315.782958984375,2673.57666015625,2560.20654296875,1364.346435546875,25245.2421875
423,1807.38525390625,3326.81005859375,2606.873779296875,1364.346435546875,25245.2421875
424,2005.060791015625,4408.0576171875,2943.39697265625,1364.346435546875,25245.2421875
425,1809.0,2531.912109375,2584.81201171875,1364.346435546875,25245.2421875
426,2368.50439453125,2758.639404296875,2605.827392578125,1364.346435546875,25245.2421875
427,2347.80419921875,3123.786376953125,2784.0,1364.346435546875,25245.2421875
428,1893.909912109375,2833.701171875,2485.068603515625,1364.346435546875,25245.2421875
429,2491.76806640625,4319.24609375,4190.0361328125,1364.346435546875,25245.2421875
430,1793.7440185546875,3014.00439453125,3069.45361328125,1364.346435546875,25245.2421875
431,2156.512939453125,4266.3671875,3583.262451171875,1364.346435546875,25245.2421875
432,1849.2286376953125,2705.86083984375,2736.0439453125,1364.346435546875,25245.2421875
433,2086.74755859375,5079.0751953125,3828.51220703125,1364.346435546875,25245.2421875
434,1628.7242431640625,2194.7568359375,2197.258056640625,1364.346435546875,25245.2421875
435,2461.707763671875,3631.458984375,2838.76416015625,1364.346435546875,25245.2421875
436,2045.171142578125,3068.715576171875,2503.683837890625,1364.346435546875,25245.2421875
437,1781.8238525390625,3078.3388671875,2368.9033203125,1364.346435546875,25245.2421875
438,1261.5408935546875,2826.380859375,2794.5966796875,1261.5408935546875,25245.2421875
439,1996.2923583984375,2928.973388671875,2716.45849609375,1261.5408935546875,25245.2421875
440,1556.9659423828125,4478.76025390625,4305.8818359375,1261.5408935546875,25245.2421875
441,1623.074462890625,2342.506103515625,2317.529052734375,1261.5408935546875,25245.2421875
442,1923.1990966796875,2535.90478515625,2320.369873046875,1261.5408935546875,25245.2421875
443,1758.71826171875,2556.39501953125,2275.91455078125,1261.5408935546875,25245.2421875
444,1809.6004638671875,3103.51953125,2831.84130859375,1261.5408935546875,25245.2421875
445,2048.03125,3744.510986328125,3478.4365234375,1261.5408935546875,25245.2421875
446,2519.841796875,4320.96630859375,4196.9443359375,1261.5408935546875,25245.2421875
447,1948.548583984375,4169.728515625,4078.25244140625,1261.5408935546875,25245.2421875
448,1775.210693359375,2598.099853515625,2691.4814453125,1261.5408935546875,25245.2421875
449,1520.0548095703125,2523.019775390625,2618.461669921875,1261.5408935546875,25245.2421875
450,2343.7841796875,3452.29736328125,2886.701416015625,1261.5408935546875,25245.2421875
451,2023.048583984375,3261.3603515625,3226.7939453125,1261.5408935546875,25245.2421875
452,2165.6259765625,3761.659423828125,2886.957763671875,1261.5408935546875,25245.2421875
453,1734.118408203125,2763.160400390625,2340.19482421875,1261.5408935546875,25245.2421875
454,1939.0230712890625,2646.72216796875,2526.632568359375,1261.5408935546875,25245.2421875
455,1476.903076171875,3312.08984375,2959.046630859375,1261.5408935546875,25245.2421875
456,2148.470458984375,6919.4619140625,7229.00390625,1261.5408935546875,25245.2421875
457,2143.123046875,3570.52685546875,3007.087158203125,1261.5408935546875,25245.2421875
458,6711.6044921875,9400.794921875,9023.6640625,1261.5408935546875,25245.2421875
459,3882.22607421875,7878.54052734375,7139.68115234375,1261.5408935546875,25245.2421875
460,1956.368408203125,3067.04248046875,2660.08349609375,1261.5408935546875,25245.2421875
461,1819.369873046875,3464.134765625,2524.08349609375,1261.5408935546875,25245.2421875
462,3598.1806640625,5790.35791015625,5677.35791015625,1261.5408935546875,25245.2421875
463,1638.650634765625,3033.444091796875,2612.279296875,1261.5408935546875,25245.2421875
464,2019.8001708984375,3419.61083984375,3052.488037109375,1261.5408935546875,25245.2421875
465,6775.78759765625,9080.7412109375,8592.287109375,1261.5408935546875,25245.2421875
466,2221.607421875,4542.28125,3821.16259765625,1261.5408935546875,25245.2421875
467,4441.3857421875,7770.75146484375,6885.4921875,1261.5408935546875,25245.2421875
468,2637.34912109375,3672.396484375,3123.027587890625,1261.5408935546875,25245.2421875
469,2525.346435546875,4732.5546875,3529.061767578125,1261.5408935546875,25245.2421875
470,3974.444091796875,8089.9892578125,7507.31005859375,1261.5408935546875,25245.2421875
471,2821.56298828125,5971.0068359375,4212.0,1261.5408935546875,25245.2421875
472,1704.1329345703125,2571.68408203125,2463.4384765625,1261.5408935546875,25245.2421875
473,1841.60888671875,2612.354736328125,2510.954345703125,1261.5408935546875,25245.2421875
474,3114.251953125,6917.1982421875,6866.3369140625,1261.5408935546875,25245.2421875
475,2005.3807373046875,2771.46630859375,2621.1669921875,1261.5408935546875,25245.2421875
476,2030.8372802734375,2625.29736328125,2363.9052734375,1261.5408935546875,25245.2421875
477,2016.167236328125,2930.7001953125,2657.193603515625,1261.5408935546875,25245.2421875
478,2024.96337890625,3003.025634765625,2842.14697265625,1261.5408935546875,25245.2421875
479,2166.332275390625,3057.81591796875,3055.770263671875,1261.5408935546875,25245.2421875
480,3804.716796875,6963.5048828125,5784.400390625,1261.5408935546875,25245.2421875
481,1853.063720703125,2772.336181640625,2638.4765625,1261.5408935546875,25245.2421875
482,4054.52880859375,6366.41357421875,5386.17431640625,1261.5408935546875,25245.2421875
483,2059.124755859375,2876.87060546875,2874.05859375,1261.5408935546875,25245.2421875
484,2348.78515625,3755.690673828125,3621.90234375,1261.5408935546875,25245.2421875
485,2187.53173828125,3119.170654296875,2764.645263671875,1261.5408935546875,25245.2421875
486,1817.46533203125,2721.509033203125,2499.17822265625,1261.5408935546875,25245.2421875
487,1748.697265625,3169.041748046875,3211.28857421875,1261.5408935546875,25245.2421875
488,1376.8037109375,3400.366455078125,3082.3203125,1261.5408935546875,25245.2421875
489,2384.59375,4621.76611328125,3834.871826171875,1261.5408935546875,25245.2421875
490,2075.299072265625,3497.201171875,2747.59326171875,1261.5408935546875,25245.2421875
491,2361.218017578125,4076.00244140625,2955.125732421875,1261.5408935546875,25245.2421875
492,1937.2271728515625,6559.93212890625,6947.2607421875,1261.5408935546875,25245.2421875
493,3645.3203125,8527.73046875,9144.1142578125,1261.5408935546875,25245.2421875
494,2120.0712890625,3979.90966796875,3392.19775390625,1261.5408935546875,25245.2421875
495,1875.294189453125,2799.824951171875,2675.163818359375,1261.5408935546875,25245.2421875
496,1564.0,2961.03857421875,2767.9169921875,1261.5408935546875,25245.2421875
497,1844.0001220703125,2856.55712890625,2621.07861328125,1261.5408935546875,25245.2421875
498,1738.0,4079.856201171875,3235.333984375,1261.5408935546875,25245.2421875
499,2206.129150390625,3514.134765625,2895.0,1261.5408935546875,25245.2421875
500,2715.0224609375,6046.4306640625,4616.9404296875,1261.5408935546875,25245.2421875
501,2333.0,3900.08203125,3305.025390625,1261.5408935546875,25245.2421875
502,1690.6544189453125,2687.538330078125,2241.46630859375,1261.5408935546875,25245.2421875
503,1735.0,3601.475341796875,3277.53125,1261.5408935546875,25245.2421875
504,2811.735595703125,5572.4658203125,3995.0,1261.5408935546875,25245.2421875
505,2256.13134765625,3856.453125,3246.229736328125,1261.5408935546875,25245.2421875
506,1937.0,3323.0390625,3363.0,1261.5408935546875,25245.2421875
507,2581.240234375,3540.13134765625,3032.001953125,1261.5408935546875,25245.2421875
508,2033.0726318359375,3227.556396484375,3032.151611328125,1261.5408935546875,25245.2421875
509,2006.3304443359375,2886.968994140625,2719.806640625,1261.5408935546875,25245.2421875
510,2248.546142578125,2781.17529296875,2639.85400390625,1261.5408935546875,25245.2421875
511,2227.0,3094.0439453125,2956.765625,1261.5408935546875,25245.2421875
512,1997.00048828125,3165.33984375,2943.51318359375,1261.5408935546875,25245.2421875
513,2269.232421875,3038.035888671875,2975.906494140625,1261.5408935546875,25245.2421875
514,1636.266357421875,3475.895263671875,3001.982421875,1261.5408935546875,25245.2421875
515,2270.203369140625,2850.453369140625,2966.678466796875,1261.5408935546875,25245.2421875
516,2115.83984375,2802.315185546875,2776.271484375,1261.5408935546875,25245.2421875
517,3022.472412109375,5900.2158203125,4855.38720703125,1261.5408935546875,25245.2421875
518,2430.58447265625,3430.39208984375,2906.494384765625,1261.5408935546875,25245.2421875
519,2491.520751953125,4960.9541015625,4912.9501953125,1261.5408935546875,25245.2421875
520,2236.656982421875,4015.213623046875,3631.094970703125,1261.5408935546875,25245.2421875
521,4722.36328125,7428.0966796875,7896.99560546875,1261.5408935546875,25245.2421875
522,2196.025146484375,5320.66015625,3884.37255859375,1261.5408935546875,25245.2421875
523,2441.689697265625,4401.5546875,4138.470703125,1261.5408935546875,25245.2421875
524,2363.0390625,3638.364501953125,2728.0478515625,1261.5408935546875,25245.2421875
525,2656.48681640625,3231.89404296875,3143.0,1261.5408935546875,25245.2421875
526,2120.55419921875,3312.03173828125,3286.14599609375,1261.5408935546875,25245.2421875
527,2090.87890625,2981.84765625,2744.3818359375,1261.5408935546875,25245.2421875
528,2113.1279296875,3385.049560546875,3217.7314453125,1261.5408935546875,25245.2421875
529,2193.05908203125,3731.046875,2844.945068359375,1261.5408935546875,25245.2421875
530,1766.367919921875,2541.188232421875,2406.195556640625,1261.5408935546875,25245.2421875
531,1367.0191650390625,2591.58447265625,2547.618408203125,1261.5408935546875,25245.2421875
532,1674.8817138671875,2713.266357421875,2633.599365234375,1261.5408935546875,25245.2421875
533,1563.0206298828125,2614.433349609375,2742.90283203125,1261.5408935546875,25245.2421875
534,2222.75537109375,2768.314208984375,2719.058837890625,1261.5408935546875,25245.2421875
535,2605.078125,4026.975341796875,3805.657470703125,1261.5408935546875,25245.2421875
536,2030.239013671875,4058.15625,3577.7587890625,1261.5408935546875,25245.2421875
537,1837.048095703125,3218.961181640625,3053.619384765625,1261.5408935546875,25245.2421875
538,2186.39990234375,3251.79296875,3010.29638671875,1261.5408935546875,25245.2421875
539,2517.4130859375,5591.3603515625,3593.96923828125,1261.5408935546875,25245.2421875
540,1790.0025634765625,2852.29052734375,2285.662353515625,1261.5408935546875,25245.2421875
541,1847.3836669921875,2804.390625,2764.031494140625,1261.5408935546875,25245.2421875
542,1625.5194091796875,2460.62158203125,2230.18115234375,1261.5408935546875,25245.2421875
543,2106.42626953125,2864.82373046875,2586.049072265625,1261.5408935546875,25245.2421875
544,2220.157958984375,3273.01611328125,2754.828369140625,1261.5408935546875,25245.2421875
545,2195.57177734375,3790.56298828125,2837.6708984375,1261.5408935546875,25245.2421875
546,2064.390625,3792.432861328125,2663.86962890625,1261.5408935546875,25245.2421875
547,2095.17822265625,2983.68701171875,2891.053955078125,1261.5408935546875,25245.2421875
548,1736.1551513671875,2474.17236328125,2424.9443359375,1261.5408935546875,25245.2421875
549,2098.59130859375,5421.48486328125,4657.185546875,1261.5408935546875,25245.2421875
550,2350.3994140625,2772.773193359375,2576.363525390625,1261.5408935546875,25245.2421875
551,2126.07470703125,3138.725830078125,3011.18994140625,1261.5408935546875,25245.2421875
552,2086.78515625,3560.315673828125,2687.724853515625,1261.5408935546875,25245.2421875
553,2175.133544921875,2646.698486328125,2637.91552734375,1261.5408935546875,25245.2421875
554,2085.052490234375,3123.408935546875,2932.82568359375,1261.5408935546875,25245.2421875
555,1505.3251953125,3811.31982421875,3111.59912109375,1261.5408935546875,25245.2421875
556,1755.090087890625,2706.261962890625,2712.116455078125,1261.5408935546875,25245.2421875
557,1956.4150390625,2812.849853515625,2440.5810546875,1261.5408935546875,25245.2421875
558,1691.47509765625,3200.06982421875,2984.595458984375,1261.5408935546875,25245.2421875
559,2192.84619140625,2670.04541015625,2531.192626953125,1261.5408935546875,25245.2421875
560,2037.5784912109375,2804.6015625,2440.044921875,1261.5408935546875,25245.2421875
561,2772.058837890625,7075.3095703125,7438.50244140625,1261.5408935546875,25245.2421875
562,1791.534423828125,2565.979248046875,2423.1083984375,1261.5408935546875,25245.2421875
563,2362.0,3101.902099609375,2686.21923828125,1261.5408935546875,25245.2421875
564,1595.553466796875,2718.6142578125,2539.16796875,1261.5408935546875,25245.2421875
565,2301.6064453125,2905.008544921875,2986.410400390625,1261.5408935546875,25245.2421875
566,1949.0107421875,3764.375,2807.2958984375,1261.5408935546875,25245.2421875
567,1903.9554443359375,3041.216064453125,2822.333984375,1261.5408935546875,25245.2421875
568,1493.656982421875,3984.455078125,3138.49169921875,1261.5408935546875,25245.2421875
569,2094.88037109375,2798.93212890625,2561.451416015625,1261.5408935546875,25245.2421875
570,2381.927490234375,2813.002197265625,2754.0185546875,1261.5408935546875,25245.2421875
571,2138.004638671875,2808.9873046875,2769.0,1261.5408935546875,25245.2421875
572,2324.473876953125,3216.68408203125,3134.328369140625,1261.5408935546875,25245.2421875
573,2469.88818359375,3369.811767578125,3165.882080078125,1261.5408935546875,25245.2421875
574,2608.262451171875,3690.881591796875,3810.1787109375,1261.5408935546875,25245.2421875
575,2126.0,3006.01806640625,2996.457763671875,1261.5408935546875,25245.2421875
576,2266.791748046875,3154.14501953125,3143.039794921875,1261.5408935546875,25245.2421875
577,2145.0,2626.822509765625,2439.0,1261.5408935546875,25245.2421875
578,2139.03369140625,2807.78857421875,2679.447265625,1261.5408935546875,25245.2421875
579,2062.000244140625,2806.238525390625,2887.947509765625,1261.5408935546875,25245.2421875
580,2166.630859375,4490.5009765625,3060.0087890625,1261.5408935546875,25245.2421875
581,1806.1883544921875,2639.033935546875,2303.932373046875,1261.5408935546875,25245.2421875
582,2240.858642578125,3022.3720703125,3127.634765625,1261.5408935546875,25245.2421875
583,1671.0,3407.49267578125,2535.5244140625,1261.5408935546875,25245.2421875
584,2104.00048828125,2769.535400390625,2590.0,1261.5408935546875,25245.2421875
585,1434.808349609375,2458.12939453125,2379.204833984375,1261.5408935546875,25245.2421875
586,1389.9730224609375,2857.39697265625,2534.276123046875,1261.5408935546875,25245.2421875
587,1825.279296875,3466.161376953125,2727.838134765625,1261.5408935546875,25245.2421875
588,1393.9718017578125,2118.6328125,1782.0126953125,1261.5408935546875,25245.2421875
589,957.430908203125,2984.975341796875,2352.94873046875,957.430908203125,25245.2421875
590,1592.0,2483.646240234375,2232.5048828125,957.430908203125,25245.2421875
591,1716.467041015625,2291.849609375,2061.3115234375,957.430908203125,25245.2421875
592,1949.0,3492.164794921875,2534.21435546875,957.430908203125,25245.2421875
593,1444.2154541015625,2152.71875,2158.899658203125,957.430908203125,25245.2421875
594,1230.54736328125,2203.52001953125,2290.09716796875,957.430908203125,25245.2421875
595,1479.4669189453125,2370.9951171875,2199.223876953125,957.430908203125,25245.2421875
596,1299.608154296875,2529.53466796875,1972.6109619140625,957.430908203125,25245.2421875
597,1185.590576171875,2837.25146484375,2342.532470703125,957.430908203125,25245.2421875
598,1659.037841796875,2760.763916015625,2039.0469970703125,957.430908203125,25245.2421875
599,1051.7740478515625,3421.99609375,2696.88427734375,957.430908203125,25245.2421875
600,1591.358642578125,2672.164306640625,2271.30517578125,957.430908203125,25245.2421875
601,1500.182861328125,2582.76708984375,2263.08935546875,957.430908203125,25245.2421875
602,1933.8994140625,2402.547119140625,2254.6689453125,957.430908203125,25245.2421875
603,1463.8074951171875,4436.7958984375,3235.8876953125,957.430908203125,25245.2421875
604,1778.9581298828125,3970.919921875,2742.726318359375,957.430908203125,25245.2421875
605,2002.852294921875,4444.83642578125,3305.3125,957.430908203125,25245.2421875
606,1799.0,2864.49658203125,2321.81591796875,957.430908203125,25245.2421875
607,1499.3665771484375,2620.363037109375,1931.12451171875,957.430908203125,25245.2421875
608,1537.80615234375,2274.57177734375,2098.109130859375,957.430908203125,25245.2421875
609,2184.665283203125,3020.048095703125,2973.689453125,957.430908203125,25245.2421875
610,1827.806396484375,4680.408203125,3339.4501953125,957.430908203125,25245.2421875
611,2113.3837890625,2974.41943359375,2546.55224609375,957.430908203125,25245.2421875
612,2256.0537109375,2641.51220703125,2498.609619140625,957.430908203125,25245.2421875
613,2813.33349609375,5501.05419921875,5247.29638671875,957.430908203125,25245.2421875
614,1912.5078125,2888.151123046875,2289.607177734375,957.430908203125,25245.2421875
615,1491.6732177734375,2567.017578125,2650.422607421875,957.430908203125,25245.2421875
616,2583.09521484375,5563.60205078125,4909.66845703125,957.430908203125,25245.2421875
617,1734.44921875,2282.79345703125,2264.078125,957.430908203125,25245.2421875
618,1739.15625,2732.19384765625,2414.495849609375,957.430908203125,25245.2421875
619,1419.597412109375,2333.09814453125,2239.913330078125,957.430908203125,25245.2421875
620,1669.64013671875,2718.73876953125,2455.69873046875,957.430908203125,25245.2421875
621,1714.9488525390625,2359.27880859375,2252.806396484375,957.430908203125,25245.2421875
622,1517.9359130859375,3308.96044921875,2530.833251953125,957.430908203125,25245.2421875
623,1814.0640869140625,2337.0751953125,2265.924560546875,957.430908203125,25245.2421875
624,1631.1458740234375,2726.15380859375,2538.3486328125,957.430908203125,25245.2421875
625,1639.5084228515625,5661.6005859375,2416.067626953125,957.430908203125,25245.2421875
626,2003.7320556640625,3259.38671875,2248.0,957.430908203125,25245.2421875
627,1520.7257080078125,2331.60400390625,1866.0655517578125,957.430908203125,25245.2421875
628,1212.123046875,2273.390625,2293.0,957.430908203125,25245.2421875
629,1740.792724609375,2790.848876953125,2394.9775390625,957.430908203125,25245.2421875
630,2533.48779296875,3261.93408203125,2980.0400390625,957.430908203125,25245.2421875
631,2006.0,2750.77197265625,2500.65380859375,957.430908203125,25245.2421875
632,1676.7525634765625,2309.327392578125,2306.0,957.430908203125,25245.2421875
633,1769.26708984375,2437.9453125,2230.08642578125,957.430908203125,25245.2421875
634,1813.4632568359375,3023.560302734375,2336.623046875,957.430908203125,25245.2421875
635,1540.2196044921875,2688.584716796875,2245.439453125,957.430908203125,25245.2421875
636,1717.0,2650.39599609375,2219.773193359375,957.430908203125,25245.2421875
637,1790.578125,2721.011474609375,2468.81103515625,957.430908203125,25245.2421875
638,2141.0,3978.91943359375,2490.704345703125,957.430908203125,25245.2421875
639,2050.30517578125,2864.63427734375,2654.26171875,957.430908203125,25245.2421875
640,1466.772216796875,2215.637939453125,2142.58984375,957.430908203125,25245.2421875
641,1794.1817626953125,2400.464111328125,2349.72314453125,957.430908203125,25245.2421875
642,2147.89208984375,4016.078857421875,2923.096435546875,957.430908203125,25245.2421875
643,2564.58544921875,4451.81298828125,3595.654052734375,957.430908203125,25245.2421875
644,1965.15478515625,5946.90771484375,4157.177734375,957.430908203125,25245.2421875
645,2505.12109375,5750.587890625,4149.7529296875,957.430908203125,25245.2421875
646,1853.6568603515625,3764.043701171875,3016.53564453125,957.430908203125,25245.2421875
647,1903.98974609375,2742.198486328125,2929.1181640625,957.430908203125,25245.2421875
648,1800.6072998046875,3084.154052734375,2365.739013671875,957.430908203125,25245.2421875
649,1846.6259765625,3321.182861328125,3208.6708984375,957.430908203125,25245.2421875
650,2479.282470703125,3942.66943359375,3314.53125,957.430908203125,25245.2421875
651,1992.402099609375,2621.564453125,2330.890625,957.430908203125,25245.2421875
652,1616.4808349609375,2935.29052734375,2712.593017578125,957.430908203125,25245.2421875
653,1767.3731689453125,3322.87451171875,2249.699951171875,957.430908203125,25245.2421875
654,2424.53369140625,3020.82373046875,3092.676025390625,957.430908203125,25245.2421875
655,1198.327880859375,2521.036376953125,2573.59814453125,957.430908203125,25245.2421875
656,1607.175048828125,2091.113037109375,2095.765380859375,957.430908203125,25245.2421875
657,1337.7510986328125,2619.0576171875,2720.29296875,957.430908203125,25245.2421875
658,1521.4188232421875,2278.072509765625,2247.2529296875,957.430908203125,25245.2421875
659,1195.5726318359375,3155.34912109375,3130.831298828125,957.430908203125,25245.2421875
660,2339.615966796875,3106.172119140625,3039.525390625,957.430908203125,25245.2421875
661,1355.0,2519.6279296875,2144.793212890625,957.430908203125,25245.2421875
662,1538.471435546875,2265.67138671875,2260.1181640625,957.430908203125,25245.2421875
663,1299.8614501953125,2714.07958984375,2560.80615234375,957.430908203125,25245.2421875
664,1688.107177734375,2522.35986328125,2411.0,957.430908203125,25245.2421875
665,1764.1259765625,3321.942626953125,2564.408935546875,957.430908203125,25245.2421875
666,1763.0086669921875,2461.57763671875,2478.029541015625,957.430908203125,25245.2421875
667,1392.6202392578125,2564.4833984375,2320.99951171875,957.430908203125,25245.2421875
668,1648.4901123046875,2346.39794921875,2273.5869140625,957.430908203125,25245.2421875
669,2448.142822265625,4340.8486328125,4296.06591796875,957.430908203125,25245.2421875
670,1578.26220703125,3211.92822265625,2228.375732421875,957.430908203125,25245.2421875
671,2033.5115966796875,2683.348876953125,2643.53076171875,957.430908203125,25245.2421875
672,2080.259033203125,4624.10498046875,3474.78564453125,957.430908203125,25245.2421875
673,1984.63037109375,3411.53955078125,3063.014892578125,957.430908203125,25245.2421875
674,1726.9228515625,2370.71630859375,2288.58544921875,957.430908203125,25245.2421875
675,1954.6453857421875,3609.477294921875,3362.57763671875,957.430908203125,25245.2421875
676,1678.0909423828125,2696.637939453125,2446.210205078125,957.430908203125,25245.2421875
677,1638.24658203125,2705.584716796875,2813.23388671875,957.430908203125,25245.2421875
678,1703.972900390625,2512.620361328125,2372.876953125,957.430908203125,25245.2421875
679,1220.95068359375,1863.0062255859375,1906.9613037109375,957.430908203125,25245.2421875
680,1675.44580078125,3410.759765625,3379.518310546875,957.430908203125,25245.2421875
681,1733.598388671875,2773.90087890625,2575.48779296875,957.430908203125,25245.2421875
682,1513.0762939453125,2499.7158203125,2218.886962890625,957.430908203125,25245.2421875
683,1960.0,3196.75244140625,2949.652099609375,957.430908203125,25245.2421875
684,1582.0,2477.1611328125,2179.917236328125,957.430908203125,25245.2421875
685,1968.476806640625,2993.451171875,3110.3994140625,957.430908203125,25245.2421875
686,1751.024658203125,2301.54931640625,2218.2373046875,957.430908203125,25245.2421875
687,1653.244873046875,2208.561279296875,2031.59228515625,957.430908203125,25245.2421875
688,1900.0576171875,2892.742919921875,2425.4208984375,957.430908203125,25245.2421875
689,1098.0819091796875,3045.00537109375,2451.046142578125,957.430908203125,25245.2421875
690,1706.586669921875,2568.447265625,2497.951904296875,957.430908203125,25245.2421875
691,1716.840087890625,3105.236328125,2518.9228515625,957.430908203125,25245.2421875
692,1762.11181640625,2563.524658203125,2308.65966796875,957.430908203125,25245.2421875
693,2422.867431640625,3342.76708984375,2916.344482421875,957.430908203125,25245.2421875
694,1584.8505859375,3140.294189453125,3017.47802734375,957.430908203125,25245.2421875
695,1676.53515625,2586.68701171875,2477.82177734375,957.430908203125,25245.2421875
696,1219.7926025390625,2735.13916015625,2555.681640625,957.430908203125,25245.2421875
697,1343.81298828125,2340.79443359375,2143.90380859375,957.430908203125,25245.2421875
698,1623.2335205078125,2761.54296875,2645.3857421875,957.430908203125,25245.2421875
699,1750.1932373046875,2402.579833984375,2305.559326171875,957.430908203125,25245.2421875
700,1798.9620361328125,2227.87646484375,2111.100830078125,957.430908203125,25245.2421875
701,1208.0833740234375,2542.99365234375,2015.3936767578125,957.430908203125,25245.2421875
702,2364.05712890625,3242.28564453125,2940.377197265625,957.430908203125,25245.2421875
703,1860.343505859375,2946.837158203125,2238.270751953125,957.430908203125,25245.2421875
704,1525.04736328125,3165.282958984375,2890.84228515625,957.430908203125,25245.2421875
705,1526.209228515625,3004.95654296875,2449.021240234375,957.430908203125,25245.2421875
706,1913.9810791015625,2540.958984375,2250.15234375,957.430908203125,25245.2421875
707,1528.8232421875,2746.33056640625,2575.941650390625,957.430908203125,25245.2421875
708,2014.567138671875,2867.83056640625,2634.806396484375,957.430908203125,25245.2421875
709,1805.316650390625,2890.163818359375,3016.9111328125,957.430908203125,25245.2421875
710,1635.6783447265625,2453.203125,2488.56640625,957.430908203125,25245.2421875
711,2089.76123046875,2391.632568359375,2312.385498046875,957.430908203125,25245.2421875
712,1845.753173828125,3517.257080078125,3082.603515625,957.430908203125,25245.2421875
713,1619.059814453125,2430.2373046875,2202.851318359375,957.430908203125,25245.2421875
714,1506.8807373046875,2189.817626953125,2126.763671875,957.430908203125,25245.2421875
715,1686.2403564453125,2247.363037109375,2183.06640625,957.430908203125,25245.2421875
716,1444.273193359375,2953.984619140625,2341.372802734375,957.430908203125,25245.2421875
717,1845.946044921875,3158.117431640625,2013.4832763671875,957.430908203125,25245.2421875
718,1657.64599609375,2270.93212890625,2253.169677734375,957.430908203125,25245.2421875
719,1424.9525146484375,2922.00537109375,1929.14208984375,957.430908203125,25245.2421875
720,2056.95556640625,5633.447265625,4468.939453125,957.430908203125,25245.2421875
721,1897.61328125,2362.53271484375,2286.65283203125,957.430908203125,25245.2421875
722,2041.635498046875,2960.529541015625,2835.32568359375,957.430908203125,25245.2421875
723,1180.281494140625,2193.326904296875,2201.45556640625,957.430908203125,25245.2421875
724,2282.606689453125,4299.3193359375,4379.9375,957.430908203125,25245.2421875
725,1688.71240234375,2271.982666015625,2012.495361328125,957.430908203125,25245.2421875
726,1674.558837890625,2745.35498046875,2772.25244140625,957.430908203125,25245.2421875
727,1302.6478271484375,3247.12451171875,2410.1240234375,957.430908203125,25245.2421875
728,1390.2159423828125,2140.02587890625,2157.425048828125,957.430908203125,25245.2421875
729,1586.0,2732.18994140625,2089.30859375,957.430908203125,25245.2421875
730,1539.5072021484375,2630.714599609375,2513.97265625,957.430908203125,25245.2421875
731,1454.66064453125,2235.208984375,2038.111328125,957.430908203125,25245.2421875
732,1330.73974609375,2914.721435546875,2991.6328125,957.430908203125,25245.2421875
733,1263.7247314453125,2467.46484375,2267.23779296875,957.430908203125,25245.2421875
734,1475.61181640625,4194.6123046875,3519.40673828125,957.430908203125,25245.2421875
735,1799.7100830078125,2654.7177734375,2486.2236328125,957.430908203125,25245.2421875
736,1922.191650390625,3077.02099609375,2960.130126953125,957.430908203125,25245.2421875
737,1918.356689453125,2445.74267578125,2417.096435546875,957.430908203125,25245.2421875
738,2582.56689453125,3120.911376953125,3005.639404296875,957.430908203125,25245.2421875
739,1719.881591796875,3716.73291015625,2961.884765625,957.430908203125,25245.2421875
740,2083.462646484375,3127.48486328125,3158.57763671875,957.430908203125,25245.2421875
741,1569.7928466796875,3240.558837890625,2831.12255859375,957.430908203125,25245.2421875
742,1587.36328125,2757.08349609375,2340.76708984375,957.430908203125,25245.2421875
743,1904.148681640625,2895.3466796875,2637.0,957.430908203125,25245.2421875
744,1715.8480224609375,2610.65673828125,2107.265625,957.430908203125,25245.2421875
745,1503.4779052734375,2423.7353515625,2186.88916015625,957.430908203125,25245.2421875
746,2093.47412109375,3183.6826171875,2775.1318359375,957.430908203125,25245.2421875
747,1041.3214111328125,1947.403076171875,1706.7713623046875,957.430908203125,25245.2421875
748,1513.196044921875,2883.479248046875,3000.262451171875,957.430908203125,25245.2421875
749,1729.8873291015625,2299.61083984375,2021.6004638671875,957.430908203125,25245.2421875
750,1994.358154296875,2572.443603515625,2422.248291015625,957.430908203125,25245.2421875
751,1539.0784912109375,2713.669189453125,2139.0400390625,957.430908203125,25245.2421875
752,1786.357666015625,2805.31591796875,2832.818359375,957.430908203125,25245.2421875
753,2091.740234375,3322.098876953125,2872.749267578125,957.430908203125,25245.2421875
754,1959.473876953125,2720.7275390625,2823.90673828125,957.430908203125,25245.2421875
755,1718.0416259765625,2387.5947265625,2222.995361328125,957.430908203125,25245.2421875
756,1393.3314208984375,2111.05322265625,1741.60205078125,957.430908203125,25245.2421875
757,1739.7886962890625,2283.714599609375,2139.393798828125,957.430908203125,25245.2421875
758,1589.591796875,3424.96484375,2872.68212890625,957.430908203125,25245.2421875
759,1608.322509765625,2299.6806640625,2220.81787109375,957.430908203125,25245.2421875
760,1461.0595703125,1826.1331787109375,1774.78759765625,957.430908203125,25245.2421875
761,1954.619873046875,4316.94921875,4029.95556640625,957.430908203125,25245.2421875
762,1442.75927734375,2341.268310546875,2294.9384765625,957.430908203125,25245.2421875
763,2000.091064453125,3084.015625,2800.862548828125,957.430908203125,25245.2421875
764,1724.45703125,2298.45703125,1995.62109375,957.430908203125,25245.2421875
765,1584.589111328125,3319.3984375,3306.032470703125,957.430908203125,25245.2421875
766,1339.6795654296875,2148.668701171875,2040.1241455078125,957.430908203125,25245.2421875
767,1293.4202880859375,2875.32470703125,2315.553466796875,957.430908203125,25245.2421875
768,1894.767822265625,3153.39794921875,3026.972412109375,957.430908203125,25245.2421875
769,1646.2265625,2393.117431640625,2266.303955078125,957.430908203125,25245.2421875
770,1877.1583251953125,2757.094970703125,2445.1103515625,957.430908203125,25245.2421875
771,1372.1480712890625,2276.08984375,2158.246337890625,957.430908203125,25245.2421875
772,1484.824462890625,2444.58935546875,2108.37744140625,957.430908203125,25245.2421875
773,1212.297119140625,2007.576171875,1797.2244873046875,957.430908203125,25245.2421875
774,1768.997802734375,2553.978515625,2636.78076171875,957.430908203125,25245.2421875
775,1476.695556640625,2680.705810546875,2478.25390625,957.430908203125,25245.2421875
776,1512.8414306640625,2267.17724609375,1969.795654296875,957.430908203125,25245.2421875
777,1016.2282104492188,2481.01806640625,1792.828369140625,957.430908203125,25245.2421875
778,1337.728271484375,2728.87353515625,2040.216796875,957.430908203125,25245.2421875
779,1340.5494384765625,1732.623779296875,1588.3011474609375,957.430908203125,25245.2421875
780,1810.21826171875,2781.89501953125,2674.387451171875,957.430908203125,25245.2421875
781,1561.6141357421875,2839.88427734375,2441.30126953125,957.430908203125,25245.2421875
782,898.57861328125,3207.35986328125,2113.55615234375,898.57861328125,25245.2421875
783,1187.840576171875,1825.412841796875,1624.8057861328125,898.57861328125,25245.2421875
784,1872.929931640625,2726.21484375,2495.04443359375,898.57861328125,25245.2421875
785,1726.93359375,2078.2919921875,2001.0970458984375,898.57861328125,25245.2421875
786,1333.44482421875,1915.9810791015625,1906.2626953125,898.57861328125,25245.2421875
787,1283.91796875,1992.394775390625,1988.4737548828125,898.57861328125,25245.2421875
788,1841.33837890625,2546.021484375,2359.613037109375,898.57861328125,25245.2421875
789,1277.7578125,3392.074951171875,3225.02734375,898.57861328125,25245.2421875
790,1226.1060791015625,1987.6556396484375,1895.7052001953125,898.57861328125,25245.2421875
791,1704.6807861328125,4340.8857421875,3649.392822265625,898.57861328125,25245.2421875
792,1398.9288330078125,3896.725830078125,3353.596435546875,898.57861328125,25245.2421875
793,1115.37109375,2096.58740234375,1997.28125,898.57861328125,25245.2421875
794,843.4360961914062,2917.405517578125,2311.044921875,843.4360961914062,25245.2421875
795,988.2933959960938,2356.030517578125,2374.083984375,843.4360961914062,25245.2421875
796,1199.896728515625,2537.61474609375,2548.07568359375,843.4360961914062,25245.2421875
797,1648.3743896484375,2600.62353515625,2503.1455078125,843.4360961914062,25245.2421875
798,1353.0943603515625,2141.6181640625,2046.1231689453125,843.4360961914062,25245.2421875
799,1327.82763671875,2105.46435546875,1953.9031982421875,843.4360961914062,25245.2421875
800,959.1033935546875,2077.03271484375,2180.3623046875,843.4360961914062,25245.2421875
801,1402.957275390625,1849.0999755859375,1839.966796875,843.4360961914062,25245.2421875
802,1284.6685791015625,2241.3525390625,1925.0216064453125,843.4360961914062,25245.2421875
803,1039.80419921875,2093.65966796875,1743.025146484375,843.4360961914062,25245.2421875
804,1031.115478515625,2525.73193359375,2063.442138671875,843.4360961914062,25245.2421875
805,899.7099609375,2567.27978515625,1983.442138671875,843.4360961914062,25245.2421875
806,930.803466796875,2219.23291015625,2045.886474609375,843.4360961914062,25245.2421875
807,1420.0762939453125,1770.328857421875,1687.7855224609375,843.4360961914062,25245.2421875
808,1951.501953125,2373.541748046875,2325.6376953125,843.4360961914062,25245.2421875
809,1037.2989501953125,2210.2890625,2012.7188720703125,843.4360961914062,25245.2421875
810,1438.1983642578125,2003.396484375,1891.20751953125,843.4360961914062,25245.2421875
811,1015.954345703125,2227.25732421875,1816.330322265625,843.4360961914062,25245.2421875
812,1522.2755126953125,2076.431640625,2092.633056640625,843.4360961914062,25245.2421875
813,1421.32958984375,1736.421142578125,1779.274658203125,843.4360961914062,25245.2421875
814,2185.82275390625,4028.05712890625,3310.43505859375,843.4360961914062,25245.2421875
815,1740.7928466796875,3273.518798828125,2699.170654296875,843.4360961914062,25245.2421875
816,1531.022705078125,2594.58544921875,2530.703125,843.4360961914062,25245.2421875
817,1462.352783203125,2641.5859375,2469.7177734375,843.4360961914062,25245.2421875
818,929.8207397460938,2295.27978515625,2311.901123046875,843.4360961914062,25245.2421875
819,786.0648803710938,2357.71923828125,2138.61669921875,786.0648803710938,25245.2421875
820,1000.04150390625,1889.919921875,1822.9739990234375,786.0648803710938,25245.2421875
821,1649.6195068359375,2747.42626953125,1931.2880859375,786.0648803710938,25245.2421875
822,2229.7392578125,2565.22998046875,2409.35400390625,786.0648803710938,25245.2421875
823,1362.880859375,2107.162353515625,1992.1640625,786.0648803710938,25245.2421875
824,1568.3155517578125,2511.08349609375,2220.037353515625,786.0648803710938,25245.2421875
825,1721.6136474609375,2508.91552734375,2174.756103515625,786.0648803710938,25245.2421875
826,1209.206787109375,2045.4222412109375,1941.494873046875,786.0648803710938,25245.2421875
827,1210.086181640625,2089.2099609375,1995.434326171875,786.0648803710938,25245.2421875
828,1819.122314453125,2408.24462890625,2181.6279296875,786.0648803710938,25245.2421875
829,1348.8753662109375,2037.4605712890625,2186.585205078125,786.0648803710938,25245.2421875
830,1127.8583984375,2164.2421875,1966.5665283203125,786.0648803710938,25245.2421875
831,1352.512939453125,2495.9033203125,1951.3353271484375,786.0648803710938,25245.2421875
832,1625.30224609375,2502.795166015625,2379.822021484375,786.0648803710938,25245.2421875
833,1030.1488037109375,1910.0455322265625,1986.2637939453125,786.0648803710938,25245.2421875
834,1430.119384765625,2601.986083984375,2131.796142578125,786.0648803710938,25245.2421875
835,1998.107177734375,3445.805908203125,3311.6787109375,786.0648803710938,25245.2421875
836,1210.3282470703125,2582.78662109375,2179.0712890625,786.0648803710938,25245.2421875
837,1708.05224609375,3775.29150390625,2696.5966796875,786.0648803710938,25245.2421875
838,1867.376708984375,2845.552734375,2556.8125,786.0648803710938,25245.2421875
839,1675.9200439453125,3488.905029296875,2312.18212890625,786.0648803710938,25245.2421875
840,1547.412109375,2024.7916259765625,1881.5224609375,786.0648803710938,25245.2421875
841,1552.594970703125,3000.79248046875,2980.54638671875,786.0648803710938,25245.2421875
842,1415.51025390625,3001.351318359375,2837.670654296875,786.0648803710938,25245.2421875
843,1682.9305419921875,3710.206298828125,2832.824462890625,786.0648803710938,25245.2421875
844,3216.765380859375,6062.92236328125,4802.87060546875,786.0648803710938,25245.2421875
845,1681.75439453125,3337.235107421875,3146.1181640625,786.0648803710938,25245.2421875
846,1754.209716796875,3981.992919921875,3016.09912109375,786.0648803710938,25245.2421875
847,1751.3704833984375,2557.07080078125,2456.442138671875,786.0648803710938,25245.2421875
848,1600.875732421875,2320.1552734375,2191.5048828125,786.0648803710938,25245.2421875
849,1138.4833984375,1711.290771484375,1596.822998046875,786.0648803710938,25245.2421875
850,1470.8873291015625,2606.696044921875,2070.97802734375,786.0648803710938,25245.2421875
851,1270.7498779296875,2122.84326171875,2137.573974609375,786.0648803710938,25245.2421875
852,1621.640625,3426.944091796875,3103.0,786.0648803710938,25245.2421875
853,1230.864501953125,1658.696044921875,1466.269775390625,786.0648803710938,25245.2421875
854,1226.563232421875,2595.73046875,2555.027099609375,786.0648803710938,25245.2421875
855,1356.259765625,2201.58154296875,1547.0299072265625,786.0648803710938,25245.2421875
856,1235.0,3477.52294921875,2365.276123046875,786.0648803710938,25245.2421875
857,1883.029052734375,2505.344970703125,2346.1337890625,786.0648803710938,25245.2421875
858,1031.24658203125,2676.43701171875,1978.20654296875,786.0648803710938,25245.2421875
859,1367.6849365234375,2573.345703125,2552.014892578125,786.0648803710938,25245.2421875
860,1761.1434326171875,2169.576171875,2004.9053955078125,786.0648803710938,25245.2421875
861,1526.34375,2118.435302734375,1932.0260009765625,786.0648803710938,25245.2421875
862,1027.118408203125,2447.30322265625,2065.506103515625,786.0648803710938,25245.2421875
863,1075.8421630859375,2424.2880859375,1888.596923828125,786.0648803710938,25245.2421875
864,1187.3538818359375,2212.68505859375,1965.278564453125,786.0648803710938,25245.2421875
865,1527.83056640625,3179.64990234375,3133.296630859375,786.0648803710938,25245.2421875
866,1449.5262451171875,2066.4033203125,2057.420166015625,786.0648803710938,25245.2421875
867,810.8302001953125,2478.00439453125,2636.38330078125,786.0648803710938,25245.2421875
868,1187.7352294921875,1984.7486572265625,1911.8607177734375,786.0648803710938,25245.2421875
869,1252.014404296875,2838.036376953125,1910.8333740234375,786.0648803710938,25245.2421875
870,1382.85107421875,1785.1058349609375,1639.9395751953125,786.0648803710938,25245.2421875
871,3026.45703125,4023.51806640625,3569.83349609375,786.0648803710938,25245.2421875
872,1699.009033203125,3697.0859375,3149.33837890625,786.0648803710938,25245.2421875
873,1746.630859375,3119.64306640625,2978.81689453125,786.0648803710938,25245.2421875
874,1635.1331787109375,3458.762939453125,3012.76416015625,786.0648803710938,25245.2421875
875,1487.00439453125,2721.214599609375,2704.680908203125,786.0648803710938,25245.2421875
876,1233.326171875,2038.680908203125,1781.9202880859375,786.0648803710938,25245.2421875
877,1082.06591796875,1683.488525390625,1563.2977294921875,786.0648803710938,25245.2421875
878,1272.5137939453125,1828.5006103515625,1614.5701904296875,786.0648803710938,25245.2421875
879,1579.1959228515625,2065.412353515625,2027.4072265625,786.0648803710938,25245.2421875
880,1625.5428466796875,2012.1051025390625,1762.7503662109375,786.0648803710938,25245.2421875
881,1540.79638671875,2231.419677734375,2215.651123046875,786.0648803710938,25245.2421875
882,1399.449951171875,2160.501708984375,2059.55908203125,786.0648803710938,25245.2421875
883,2616.4970703125,4765.14501953125,4081.124267578125,786.0648803710938,25245.2421875
884,1762.6217041015625,3263.215087890625,3096.044677734375,786.0648803710938,25245.2421875
885,1803.99462890625,2225.12451171875,2010.3841552734375,786.0648803710938,25245.2421875
886,2550.216796875,4015.85693359375,3800.762451171875,786.0648803710938,25245.2421875
887,1265.9271240234375,5031.0341796875,3279.87451171875,786.0648803710938,25245.2421875
888,2522.0,2991.496337890625,2685.0,786.0648803710938,25245.2421875
889,1356.3487548828125,1998.104736328125,1951.4644775390625,786.0648803710938,25245.2421875
890,1351.0,3243.130126953125,2954.3837890625,786.0648803710938,25245.2421875
891,1743.1356201171875,3367.08447265625,2582.73193359375,786.0648803710938,25245.2421875
892,1516.319091796875,2597.54443359375,2310.406005859375,786.0648803710938,25245.2421875
893,1234.0,2578.01611328125,1805.85205078125,786.0648803710938,25245.2421875
894,1335.2706298828125,2810.64697265625,2085.19140625,786.0648803710938,25245.2421875
895,1284.93896484375,2087.36181640625,1888.153076171875,786.0648803710938,25245.2421875
896,1472.9775390625,2274.425048828125,2105.03662109375,786.0648803710938,25245.2421875
897,1297.125244140625,2466.82666015625,2030.0,786.0648803710938,25245.2421875
898,1482.2669677734375,2309.037841796875,2293.493896484375,786.0648803710938,25245.2421875
899,1637.7789306640625,2259.94580078125,2222.325439453125,786.0648803710938,25245.2421875
900,1210.0,2197.11669921875,2167.0,786.0648803710938,25245.2421875
901,1401.7154541015625,2147.94580078125,1956.735595703125,786.0648803710938,25245.2421875
902,1593.129638671875,2098.81884765625,1828.2686767578125,786.0648803710938,25245.2421875
903,1296.0,2514.5703125,2043.0,786.0648803710938,25245.2421875
904,1743.0,2420.271240234375,2140.0,786.0648803710938,25245.2421875
905,1418.0,2177.71630859375,1953.0,786.0648803710938,25245.2421875
906,2027.7916259765625,3061.236328125,2936.0,786.0648803710938,25245.2421875
907,1666.5380859375,2517.21142578125,2458.0,786.0648803710938,25245.2421875
908,1828.5224609375,2419.418212890625,2210.8798828125,786.0648803710938,25245.2421875
909,1547.0,2364.172119140625,2086.0,786.0648803710938,25245.2421875
910,1224.344970703125,2163.562255859375,2000.11474609375,786.0648803710938,25245.2421875
911,1583.2177734375,2002.3011474609375,1823.33349609375,786.0648803710938,25245.2421875
912,1476.0721435546875,2134.03662109375,2063.059814453125,786.0648803710938,25245.2421875
913,1222.2694091796875,1805.061767578125,1883.0574951171875,786.0648803710938,25245.2421875
914,2322.153564453125,3049.26123046875,2939.933349609375,786.0648803710938,25245.2421875
915,1055.69091796875,2767.63134765625,2222.28955078125,786.0648803710938,25245.2421875
916,1032.2630615234375,1767.817626953125,1817.617431640625,786.0648803710938,25245.2421875
917,1107.2008056640625,1813.7958984375,1505.7899169921875,786.0648803710938,25245.2421875
918,1725.9393310546875,2398.77392578125,2289.480224609375,786.0648803710938,25245.2421875
919,1746.1201171875,2683.6220703125,2418.261474609375,786.0648803710938,25245.2421875
920,1589.9857177734375,2118.784912109375,2164.70703125,786.0648803710938,25245.2421875
921,1398.573974609375,2492.678955078125,2295.37158203125,786.0648803710938,25245.2421875
922,2035.5361328125,2905.86083984375,2780.65087890625,786.0648803710938,25245.2421875
923,1605.85009765625,2727.14697265625,2044.6282958984375,786.0648803710938,25245.2421875
924,1143.896240234375,2405.60595703125,1867.5543212890625,786.0648803710938,25245.2421875
925,1244.3721923828125,2130.48583984375,1841.0322265625,786.0648803710938,25245.2421875
926,1513.8341064453125,3057.72216796875,2300.23291015625,786.0648803710938,25245.2421875
927,1522.219970703125,2192.720947265625,2166.739990234375,786.0648803710938,25245.2421875
928,2622.90576171875,3998.245361328125,3779.0,786.0648803710938,25245.2421875
929,2429.93017578125,4135.6826171875,3295.18603515625,786.0648803710938,25245.2421875
930,1609.755126953125,2791.4970703125,2561.0,786.0648803710938,25245.2421875
931,1815.483642578125,3060.17626953125,2707.0,786.0648803710938,25245.2421875
932,1514.468505859375,2179.5576171875,1897.0108642578125,786.0648803710938,25245.2421875
933,1650.9208984375,2541.059326171875,2290.041259765625,786.0648803710938,25245.2421875
934,2149.245849609375,2947.664306640625,2959.002685546875,786.0648803710938,25245.2421875
935,1347.9769287109375,3359.42431640625,3329.8212890625,786.0648803710938,25245.2421875
936,1920.88525390625,3721.276611328125,2724.0,786.0648803710938,25245.2421875
937,1609.2840576171875,2284.39697265625,2046.843505859375,786.0648803710938,25245.2421875
938,1827.1318359375,2207.5576171875,1989.1298828125,786.0648803710938,25245.2421875
939,1635.0640869140625,3022.650390625,2730.37451171875,786.0648803710938,25245.2421875
940,1730.0,2981.540771484375,2437.711181640625,786.0648803710938,25245.2421875
941,2089.0,2823.574462890625,2680.0,786.0648803710938,25245.2421875
942,1892.2913818359375,2518.95263671875,2359.556640625,786.0648803710938,25245.2421875
943,1697.8572998046875,4586.7353515625,4070.908203125,786.0648803710938,25245.2421875
944,2107.548828125,2504.01611328125,2309.9365234375,786.0648803710938,25245.2421875
945,2277.03564453125,3326.98681640625,2775.9462890625,786.0648803710938,25245.2421875
946,2063.46435546875,3113.87158203125,3014.948486328125,786.0648803710938,25245.2421875
947,1828.0257568359375,2766.565185546875,2766.60693359375,786.0648803710938,25245.2421875
948,2129.711181640625,2943.397705078125,2710.933837890625,786.0648803710938,25245.2421875
949,1710.222412109375,2912.9296875,2553.2900390625,786.0648803710938,25245.2421875
950,1987.511962890625,2537.100341796875,2485.03955078125,786.0648803710938,25245.2421875
951,2610.852294921875,3169.622314453125,3162.232421875,786.0648803710938,25245.2421875
952,2237.321533203125,3334.38916015625,3252.56982421875,786.0648803710938,25245.2421875
953,1904.03759765625,3348.164794921875,2621.265869140625,786.0648803710938,25245.2421875
954,1901.7698974609375,2433.622314453125,2174.736572265625,786.0648803710938,25245.2421875
955,1771.0404052734375,2972.01708984375,2725.00927734375,786.0648803710938,25245.2421875
956,1996.797607421875,2614.921142578125,2313.943115234375,786.0648803710938,25245.2421875
957,2813.885498046875,3255.55712890625,2987.177490234375,786.0648803710938,25245.2421875
958,2257.324462890625,2936.41943359375,2695.23974609375,786.0648803710938,25245.2421875
959,1803.441162109375,3026.23779296875,2691.461181640625,786.0648803710938,25245.2421875
960,1711.5550537109375,2501.167236328125,2333.3466796875,786.0648803710938,25245.2421875
961,2011.841064453125,3965.88330078125,2941.920166015625,786.0648803710938,25245.2421875
962,2677.511474609375,3146.47314453125,3138.14306640625,786.0648803710938,25245.2421875
963,2287.66845703125,2839.65673828125,2835.12060546875,786.0648803710938,25245.2421875
964,1884.1702880859375,2537.916015625,2359.96630859375,786.0648803710938,25245.2421875
965,1988.3272705078125,2857.13427734375,2265.0,786.0648803710938,25245.2421875
966,1780.719482421875,2266.334228515625,2200.695068359375,786.0648803710938,25245.2421875
967,2246.982421875,4552.22900390625,3188.93359375,786.0648803710938,25245.2421875
968,1657.140380859375,2115.449462890625,1823.548828125,786.0648803710938,25245.2421875
969,2352.092529296875,2829.49169921875,2649.64501953125,786.0648803710938,25245.2421875
970,1735.0810546875,2808.831298828125,2367.542724609375,786.0648803710938,25245.2421875
971,1955.4483642578125,3924.00244140625,3088.448974609375,786.0648803710938,25245.2421875
972,1317.1693115234375,2477.21142578125,2454.798583984375,786.0648803710938,25245.2421875
973,2073.42919921875,2894.615966796875,2924.050048828125,786.0648803710938,25245.2421875
974,1403.09228515625,4212.55517578125,2647.591064453125,786.0648803710938,25245.2421875
975,1486.748291015625,2257.3896484375,2346.925537109375,786.0648803710938,25245.2421875
976,1881.60546875,2461.530517578125,2191.211669921875,786.0648803710938,25245.2421875
977,2230.0,3618.20166015625,3424.3017578125,786.0648803710938,25245.2421875
978,1857.74755859375,2255.81396484375,2148.21435546875,786.0648803710938,25245.2421875
979,1774.9932861328125,2628.54052734375,2512.0,786.0648803710938,25245.2421875
980,1905.6104736328125,2564.87939453125,2644.618408203125,786.0648803710938,25245.2421875
981,1602.0911865234375,2287.913818359375,2332.4716796875,786.0648803710938,25245.2421875
982,1645.0,2397.497802734375,2117.0,786.0648803710938,25245.2421875
983,1491.5994873046875,2183.44140625,1964.0,786.0648803710938,25245.2421875
984,1772.0296630859375,2873.54833984375,2278.440185546875,786.0648803710938,25245.2421875
985,1539.1217041015625,2037.592529296875,1951.7093505859375,786.0648803710938,25245.2421875
986,1414.1226806640625,4857.63232421875,2369.54638671875,786.0648803710938,25245.2421875
987,1688.052734375,2847.971435546875,2220.82080078125,786.0648803710938,25245.2421875
988,2201.768798828125,3938.059326171875,2843.1123046875,786.0648803710938,25245.2421875
989,2155.455810546875,2464.5859375,2345.82763671875,786.0648803710938,25245.2421875
990,2398.541015625,2810.624755859375,2686.90869140625,786.0648803710938,25245.2421875
991,1446.1522216796875,3673.981689453125,2121.03173828125,786.0648803710938,25245.2421875
992,1719.6583251953125,3122.35888671875,2331.95458984375,786.0648803710938,25245.2421875
993,1616.8017578125,2375.91162109375,2057.264404296875,786.0648803710938,25245.2421875
994,1683.672119140625,2265.685546875,2011.4921875,786.0648803710938,25245.2421875
995,1343.621826171875,4028.37939453125,2757.772216796875,786.0648803710938,25245.2421875
996,1400.0751953125,3353.65185546875,2572.43408203125,786.0648803710938,25245.2421875
997,2278.03173828125,3863.14208984375,2742.55419921875,786.0648803710938,25245.2421875
998,1715.224365234375,2997.96240234375,2273.634033203125,786.0648803710938,25245.2421875
999,1982.500732421875,4714.36669921875,2585.79296875,786.0648803710938,25245.2421875
1000,2021.5694580078125,2397.56689453125,2272.879638671875,786.0648803710938,25245.2421875
